name,UserFees_info,Fees_info,Revenue_info,ProtocolRevenue_info,HoldersRevenue_info,SupplySideRevenue_info,total24h,total7d,total30d,id,symbol,image,current_price,market_cap,market_cap_rank,fully_diluted_valuation,total_volume,high_24h,low_24h,price_change_24h,price_change_percentage_24h,market_cap_change_24h,market_cap_change_percentage_24h,circulating_supply,total_supply,max_supply,ath,ath_change_percentage,ath_date,atl,atl_change_percentage,atl_date,roi,last_updated,status,pe30d,pe7d,pe24h,date
ethereum,Gas fees paid by users,Gas fees paid by users,Burned coins,,,,12857877.750281855,73018376.90926525,258944915.8542819,ethereum,eth,https://assets.coingecko.com/coins/images/279/large/ethereum.png?1696501628,2272.17,273313.534161,2.0,273313534161.0,23698821507.0,2310.04,2246.38,-6.923821261095327,-0.3038,-884281488.7228394,-0.3225,120226648.323642,120226648.323642,,4878.26,-53.42558,2021-11-10T14:24:19.604Z,0.432979,524641.91548,2015-10-20T00:00:00.000Z,"{'times': 68.1436948237994, 'currency': 'btc', 'percentage': 6814.36948237994}",2023-12-06T19:09:31.390Z,,87.95742434876377,83.17952753200663,58.23699818303277,2023-12-06 19:10:46.926613
bitcoin,Gas fees paid by users,Gas fees paid by users,Burned coins,,,,6382363.29202011,26407868.259296924,155330131.94647253,bitcoin,btc,https://assets.coingecko.com/coins/images/1/large/bitcoin.png?1696501400,43943.0,859618.460692,1.0,922771491501.0,35079494638.0,44368.0,43464.0,207.77,0.47506,3647532535.0,0.42613,19562793.0,21000000.0,21000000.0,69045.0,-36.35804,2021-11-10T14:24:11.849Z,67.81,64701.78494,2013-07-06T00:00:00.000Z,,2023-12-06T19:09:32.658Z,,461.1782068724376,723.3689698939298,369.00423285738907,2023-12-06 19:10:46.926613
tron,Gas fees paid by users,Gas fees paid by users,Burned coins,,,,1467681.612237927,9176507.814115258,41401488.7402855,tron,trx,https://assets.coingecko.com/coins/images/1094/large/tron-logo.png?1696502193,0.105418,9324.304789,12.0,9324315572.0,456115770.0,0.105627,0.102484,0.00175231,1.69035,166939835.0,1.82301,88491949435.8294,88492051772.1585,,0.231673,-54.53724,2018-01-05T00:00:00.000Z,0.00180434,5737.30007,2017-11-12T00:00:00.000Z,"{'times': 54.48315828395537, 'currency': 'usd', 'percentage': 5448.315828395537}",2023-12-06T19:09:29.058Z,,18.76805454889966,22.5801336724374,17.405710001950293,2023-12-06 19:10:46.926613
dydx,Fees paid by users,Fees paid by users,Treasury and token holders revenue,Fees going to treasury,Fees going to governance token holders,LPs revenue,419696.362622,1686291.253822,3987962.747793,dydx,ethdydx,https://assets.coingecko.com/coins/images/17500/large/hjnIm9bV.jpg?1696517040,2.99,539.072198,106.0,2990473090.0,228587979.0,3.13,2.87,-0.13541836900912418,-4.32778,-24334865.02380228,-4.31923,180263182.87829316,1000000000.0,1000000000.0,27.86,-89.26083,2021-09-30T01:23:43.570Z,1.011,196.05916,2022-06-18T20:55:50.603Z,,2023-12-06T19:09:28.431Z,,11.26456940740672,7.103981682064921,3.518996739166477,2023-12-06 19:10:46.926613
arbitrum,Fees paid by users to sequencer,Fees collected by sequencer paid by users,ETH earned from user fees minus cost to send transactions in L1,ETH earned from user fees minus cost to send transactions in L1,,,344287.4299639399,1311758.512530706,6142328.700376131,arbitrum,arb,https://assets.coingecko.com/coins/images/16547/large/photo_2023-03-29_21.47.00.jpeg?1696516109,1.08,1376.222095,53.0,10793898784.0,349354475.0,1.11,1.061,-0.007533588708913631,-0.69303,-9321534.048909664,-0.67277,1275000000.0,10000000000.0,10000000000.0,8.67,-87.55345,2023-03-23T13:10:03.106Z,0.744925,44.91678,2023-09-11T19:40:49.196Z,,2023-12-06T19:09:33.145Z,,18.671285790405598,23.314286074820757,10.951522376363256,2023-12-06 19:10:46.926613
vertexprotocol,Fees paid by users,Fees paid by users,Treasury and token holders revenue,Fees going to treasury,Fees going to governance token holders,LPs revenue,313397.6377730891,933637.4094529841,2846583.8084922777,vertex-protocol,vrtx,https://assets.coingecko.com/coins/images/27927/large/vrtx.png?1696526947,0.388818,57.091579,491.0,389268708.0,5250688.0,0.449936,0.389054,-0.02376589850900379,-5.76025,-3531396.053723447,-5.82518,146663674.5388,1000000000.0,1000000000.0,0.520089,-25.14633,2023-11-28T10:04:12.565Z,0.228784,70.16289,2023-11-22T00:20:01.558Z,,2023-12-06T19:09:35.313Z,,1.6713477991196968,1.3588805918765454,0.49909529006966225,2023-12-06 19:10:46.926613
raydium,User pays 0.25% fees on each swap,A 0.25% of each swap is collected as trading fees,A 0.03% of the trade goes to buying RAY and distributing it to stakers,Raydium's AMM earns from the spread it places on the order book and all earnings from market making go back to Raydium liquidity providers,A 0.03% of the trade goes to buying RAY and distributing it to stakers,A 0.22% of the trades goes back to the LP pool as fees earned,264299.6499015571,1695409.971646514,7640906.04233276,raydium,ray,https://assets.coingecko.com/coins/images/13928/large/PSigc4ie_400x400.jpg?1696513668,0.429841,104.92248,336.0,238240836.0,12220414.0,0.455856,0.419906,0.00401952,0.94394,1136675.0,1.09521,244424832.336197,555000000.0,555000000.0,16.83,-97.44996,2021-09-12T20:20:23.998Z,0.134391,219.39972,2022-12-29T22:15:53.927Z,,2023-12-06T19:09:33.686Z,,1.144306702838425,1.3752488811908428,1.0876247827877843,2023-12-06 19:10:46.926613
crvusd,Interest paid to borrow,Interest paid by borrowers,Interest paid by borrowers,Interest paid by borrowers,,,259213.99836560123,691925.033408178,1227621.517705901,crvusd,crvusd,https://assets.coingecko.com/coins/images/30118/large/crvusd.jpeg?1696529040,0.994229,147.045226,262.0,147045226.0,21458856.0,0.998214,0.989792,0.00119712,0.12055,-2121678.0272596776,-1.42235,147837799.479251,147837799.479251,,1.029,-3.399,2023-10-23T22:45:35.122Z,0.949016,4.7257,2023-08-08T06:24:06.210Z,,2023-12-06T19:09:26.093Z,,9.981715583018108,4.722580526958959,1.554173908110103,2023-12-06 19:10:46.926613
optimism,Fees paid by users to sequencer,Fees collected by sequencer paid by users,ETH earned from user fees minus cost to send transactions in L1,ETH earned from user fees minus cost to send transactions in L1,,,251188.89158614835,994413.6113388808,3613426.539220048,optimism,op,https://assets.coingecko.com/coins/images/25244/large/Optimism.png?1696524385,1.76,1603.398721,43.0,7556878357.0,190514133.0,1.84,1.74,-0.07465971765879087,-4.07029,-65072063.4412899,-3.9001,911294948.0,4294967296.0,4294967296.0,3.22,-45.42459,2023-02-24T20:20:00.509Z,0.402159,337.40601,2022-06-18T20:54:52.178Z,,2023-12-06T19:09:30.741Z,,36.977798948743605,35.831249977476794,17.48832593861973,2023-12-06 19:10:46.926613
solana,Gas fees paid by users,Gas fees paid by users,Burned coins,,,,121314.32883496075,874102.8200664329,3392653.887889838,solana,sol,https://assets.coingecko.com/coins/images/4128/large/solana.png?1696504756,63.35,26915.627858,6.0,35690912885.0,2910714460.0,66.06,60.39,1.86,3.01934,877888980.0,3.3716,425472347.819514,564188826.698269,,259.96,-75.66375,2021-11-06T21:54:35.825Z,0.500801,12532.62315,2020-05-11T19:35:23.449Z,,2023-12-06T19:09:34.653Z,,661.1252023594272,684.2731195692205,607.8543803891558,2023-12-06 19:10:46.926613
bananagun,,,,,,,88461.72375854226,549168.0111058588,1802492.0897158585,banana-gun,banana,https://assets.coingecko.com/coins/images/31744/large/bgg.jpeg?1696530563,17.19,41.311279,589.0,172130331.0,2625333.0,17.74,16.51,0.02667354,0.15538,58043.0,0.1407,2400000.0,10000000.0,,18.23,-5.58969,2023-12-02T16:40:40.566Z,5.13,235.49915,2023-10-12T18:30:07.775Z,,2023-12-06T19:09:52.063Z,,1.9099149466314826,1.6716713349227856,1.2794413390620885,2023-12-06 19:10:46.926613
compound,Interest paid by borrowers,Interest paid by borrowers,Percentage of interest going to treasury,Percentage of interest going to treasury,,Interest paid to lenders,87344.61623457665,583907.1578193065,2755594.652010028,compound-governance-token,comp,https://assets.coingecko.com/coins/images/10775/large/COMP.png?1696510737,51.74,355.111108,148.0,517950213.0,109125828.0,53.08,50.56,-0.32669656805378366,-0.62741,-550611.6704450846,-0.15481,6856085.76329154,10000000.0,10000000.0,910.54,-94.31355,2021-05-12T02:29:08.794Z,25.74,101.15338,2023-06-10T16:15:05.289Z,,2023-12-06T19:09:34.283Z,,10.73909484900018,13.51474776405735,11.13871910081551,2023-12-06 19:10:46.926613
kwenta,Fees paid by users,Fees paid by users,Treasury and token holders revenue,Fees going to treasury,Fees going to governance token holders,LPs revenue,76960.5213925267,434004.5372980756,2360266.8898783107,kwenta,kwenta,https://assets.coingecko.com/coins/images/27409/large/kwenta.png?1696526450,173.76,91.995616,370.0,137986816.0,155279.0,183.22,172.63,-7.94894648437176,-4.37456,-4487020.331236914,-4.6506,528748.351640709,793084.544060185,,790.99,-78.03739,2023-03-14T13:16:00.736Z,53.82,222.75555,2023-09-15T11:06:19.417Z,,2023-12-06T19:09:39.426Z,,3.248065448110653,4.710427764072334,3.274962006508945,2023-12-06 19:10:46.926613
gainsnetwork,Fees paid by users,Fees paid by users,Treasury and token holders revenue,Fees going to treasury,Fees going to governance token holders,LPs revenue,75392.5106407307,282548.1110494905,1576361.9654860334,gains-network,gns,https://assets.coingecko.com/coins/images/19737/large/logo.png?1696519161,3.87,130.721325,283.0,130721325.0,8294048.0,4.01,3.84,-0.06702271648119718,-1.70419,-2017821.2737284899,-1.52014,33815915.0,33815915.0,33815915.0,12.48,-69.02573,2023-02-17T07:55:07.998Z,0.265841,1353.99482,2021-11-29T05:56:42.899Z,,2023-12-06T19:09:37.322Z,,6.910496439592329,10.281145828734683,4.750347393854678,2023-12-06 19:10:46.926613
polygon,Gas fees paid by users,Gas fees paid by users,Burned coins,,,,67105.24866477316,533632.7176660616,3343265.4453242095,matic-network,matic,https://assets.coingecko.com/coins/images/4713/large/polygon.png?1698233745,0.837917,7780.432133,16.0,8381618276.0,705551424.0,0.845987,0.804015,0.02740605,3.38133,281635194.0,3.75574,9282732613.610691,10000000000.0,10000000000.0,2.92,-71.26544,2021-12-27T02:08:34.307Z,0.00314376,26555.19483,2019-05-10T00:00:00.000Z,"{'times': 317.59970605054883, 'currency': 'usd', 'percentage': 31759.970605054885}",2023-12-06T19:09:31.917Z,,193.93295417911148,324.0027946574322,317.65402622474795,2023-12-06 19:10:46.926613
muxprotocol,Fees paid by users,Fees paid by users,Treasury and token holders revenue,Fees going to treasury,Fees going to governance token holders,LPs revenue,44372.83953780481,399381.1450383149,1999491.7928642556,mcdex,mcb,https://assets.coingecko.com/coins/images/11796/large/mux.jpg?1696511672,10.89,41.518819,587.0,52435800.0,121835.0,11.08,10.72,-0.007026874826614461,-0.0645,139847.0,0.33797,3803143.0,4803143.54867189,4803143.0,68.36,-84.02983,2021-10-17T04:14:51.092Z,0.911402,1097.76861,2020-10-30T03:59:02.101Z,,2023-12-06T19:09:58.093Z,,1.7303904900640041,2.3101752140394813,2.5635093499973762,2023-12-06 19:10:46.926613
avalanche,Gas fees paid by users,Gas fees paid by users,Burned coins,,,,38476.04589805203,187703.3814445142,2628908.913673779,avalanche-2,avax,https://assets.coingecko.com/coins/images/12559/large/Avalanche_Circle_RedWhite_Trans.png?1696512369,27.19,9965.182376,11.0,11819373787.0,1614124807.0,27.52,23.45,3.33,13.94147,1321128821.0,15.28367,365636417.671467,433669282.462696,720000000.0,144.96,-81.17646,2021-11-21T14:18:56.538Z,2.8,874.15968,2020-12-31T13:15:21.540Z,,2023-12-06T19:09:32.380Z,,315.8846091423443,1179.7789445253302,709.5809583871485,2023-12-06 19:10:46.926613
hegic,IDK,IDK,IDK,IDK,IDK,IDK,30540.14,214031.81,556238.19,hegic,hegic,https://assets.coingecko.com/coins/images/12454/large/new.png?1696512274,0.03574193,38.511716,615.0,38511716.0,1696183.0,0.03591997,0.03263472,0.00302662,9.25137,3399043.0,9.68039,1077684725.0,1077684725.0,1077684725.0,0.642093,-94.43565,2021-02-13T16:55:14.277Z,0.0048443,637.53192,2022-05-12T22:50:04.705Z,,2023-12-06T19:09:58.345Z,,5.769667966643332,3.9985454083255716,3.4548482975170223,2023-12-06 19:10:46.926613
convexfinance,No user fees,"Includes all treasury revenue, all revenue to CVX lockers and stakers and all revenue to liquid derivatives (cvxCRV, cvxFXS)",Sum of protocol revenue and holders' revenue,"Share of revenue going to Convex treasury (includes caller incentives on Frax pools, POL yield and Votemarket bribes)","All revenue going to CVX lockers and stakers, including bribes","All CRV, CVX and FXS rewards redistributed to liquidity providers staking on Convex.",29947.662383369516,498554.70121896476,4558337.6706625875,convex-finance,cvx,https://assets.coingecko.com/coins/images/15585/large/convex.png?1696515221,3.98,326.041085,156.0,394485641.0,8331202.0,3.99,3.85,0.02772407,0.70232,2427828.0,0.75023,81990703.72425415,99202697.8733724,100000000.0,60.09,-93.38006,2022-01-01T18:04:03.030Z,1.9,109.03941,2021-07-20T13:17:29.183Z,,2023-12-06T19:09:30.708Z,,5.960526046925632,14.532723142976222,29.827478189796473,2023-12-06 19:10:46.926613
stride,Percentage of rewards paid to protocol,Fees are staking rewards earned by tokens staked with Stride. They are measured across Stride's LSD tokens' yields and converted to USD terms.,Stride collects 10% of liquid staked assets's staking rewards. These fees are measured across Stride's LSD tokens' yields and converted to USD terms.,Fee from users rewards,,Revenue earned by stETH holders,23350.86889191097,151698.76230542955,720129.1493789915,stride,strd,https://assets.coingecko.com/coins/images/27275/large/Stride_Token.png?1696526327,2.23,197.910254,214.0,197910254.0,188327.0,2.31,2.04,0.186643,9.14125,18868227.0,10.53843,88316135.734039,88316135.734039,100000000.0,50.0,-95.52149,2022-12-26T20:29:01.294Z,0.178275,1156.08979,2023-01-04T00:19:07.141Z,,2023-12-06T19:09:26.520Z,,22.902171340917267,28.991704201182085,23.220543804279355,2023-12-06 19:10:46.926613
maverickprotocol,LPs collect 100% of the fee generated in a pool,Fees generated on each swap at a rate set by the pool.,Percentage of swap fees going to treasury and/or token holders,Percentage of swap fees going to treasury,Money going to governance token holders,Liquidity providers revenue,23221.11474551061,105035.01819757072,513764.71895207313,maverick-protocol,mav,https://assets.coingecko.com/coins/images/30850/large/MAV_Logo.png?1696529701,0.35415,88.556992,381.0,708455938.0,28913594.0,0.376351,0.341987,-0.001044220549874075,-0.29399,941091.0,1.07411,250000000.0,2000000000.0,2000000000.0,0.58501,-39.47638,2023-06-28T14:24:36.141Z,0.190512,85.85153,2023-08-29T10:39:52.488Z,,2023-12-06T19:09:28.581Z,,14.364064057154065,18.73597195797954,10.448331122316924,2023-12-06 19:10:46.926613
thorchain,Swap fees paid by users,Swap fees paid by users,Percentage of swap fees going to treasury and/or token holders,Percentage of swap fees going to treasury,Money going to governance token holders,Liquidity providers revenue,21315.56297033,115329.90998359998,941597.7325068099,thorchain,rune,https://assets.coingecko.com/coins/images/6595/large/Rune200x200.png?1696506946,6.49,1955.792011,39.0,3252059132.0,672360031.0,6.87,6.42,-0.05580083678305847,-0.85233,-6989868.255446911,-0.35612,300700561.0,500000000.0,500000000.0,20.87,-68.82954,2021-05-19T00:30:09.436Z,0.00851264,76310.11998,2019-09-28T00:00:00.000Z,"{'times': 169.81684636956163, 'currency': 'usd', 'percentage': 16981.684636956164}",2023-12-06T19:09:32.506Z,,173.0916100970481,376.8497235025089,251.3813162791343,2023-12-06 19:10:46.926613
paraswap,Swap fees paid by users,Swap fees paid by users,Percentage of swap fees going to treasury and/or token holders,Percentage of swap fees going to treasury,Money going to governance token holders,Liquidity providers revenue,20704.2897,94606.9239,260139.0645,paraswap,psp,https://assets.coingecko.com/coins/images/20403/large/ep7GqM19_400x400.jpg?1696519812,0.03688202,27.891449,721.0,73754605.0,688472.0,0.03891174,0.0345909,0.00172882,4.91796,1349938.0,5.08614,756331047.9257165,2000000000.0,2000000000.0,2.1,-98.24383,2021-11-15T13:01:54.681Z,0.01798528,105.03866,2022-08-29T14:30:16.203Z,,2023-12-06T19:09:50.410Z,,8.93478809549062,6.55142300613135,3.6907776057211605,2023-12-06 19:10:46.926613
dodo,Swap fees paid by users,Swap fees paid by users,Percentage of swap fees going to treasury and/or token holders,Percentage of swap fees going to treasury,Money going to governance token holders,Liquidity providers revenue,20328.51182213415,52992.192615782755,194797.8752103586,dodo,dodo,https://assets.coingecko.com/coins/images/12651/large/dodo_logo.png?1696512458,0.164,100.583777,345.0,162996191.0,85561840.0,0.171174,0.149228,0.00337339,2.10015,1404574.0,1.4162,614617713.35,995989104.366833,1000000000.0,8.38,-98.04734,2021-02-20T09:19:28.624Z,0.080974,102.00815,2023-06-10T14:15:17.108Z,,2023-12-06T19:09:28.224Z,,43.02912137832674,42.17970486049925,13.55593533810836,2023-12-06 19:10:46.926613
alchemix,Fees paid by users,Fees paid by users,Fees paid by users,Percentage of fees going to treasury,,LPs revenue,19134.725426948084,46216.82949124103,88320.48398690658,alchemix,alcx,https://assets.coingecko.com/coins/images/14113/large/Alchemix.png?1696513834,18.94,38.415254,616.0,52704135.0,2601803.0,19.45,18.84,-0.29581186883953237,-1.53754,-698089.0456673354,-1.78478,2030212.302453451,2785367.02951032,2785367.02951032,2066.2,-99.08252,2021-03-20T19:33:19.740Z,10.29,84.1667,2023-09-11T14:51:02.684Z,,2023-12-06T19:09:52.558Z,,36.246078170736155,18.471027123851027,5.500328271481409,2023-12-06 19:10:46.926613
paalai,,,,,,,16315.538894465484,120973.15632636506,513050.5628961717,paal-ai,paal,https://assets.coingecko.com/coins/images/30815/large/PaalX.jpg?1696529671,0.163126,106.198088,327.0,163144376.0,4384901.0,0.163125,0.143656,0.01063786,6.97617,8663947.0,8.88299,650945444.22553,1000000000.0,1000000000.0,0.218783,-25.56896,2023-11-20T15:00:23.005Z,4.587e-05,354894.14075,2023-07-24T15:18:13.699Z,,2023-12-06T19:09:36.689Z,,17.249451236753924,19.508108929094533,17.832917909448962,2023-12-06 19:10:46.926613
perpetualprotocol,Fees paid by users,Fees paid by users,Treasury and token holders revenue,Fees going to treasury,Fees going to governance token holders,LPs revenue,16111.815831081161,63035.471418095374,296864.4079025614,perpetual-protocol,perp,https://assets.coingecko.com/coins/images/12381/large/60d18e06844a844ad75901a9_mark_only_03.png?1696512205,0.689854,50.106915,527.0,103512620.0,9759534.0,0.718937,0.665584,-0.015605404245375156,-2.21209,-1006905.1595231369,-1.96993,72609864.24405634,150000000.0,150000000.0,24.4,-97.17187,2021-08-30T15:06:09.177Z,0.31639,118.11449,2022-11-09T22:15:25.656Z,,2023-12-06T19:09:57.418Z,,14.065600788931667,17.664451061444037,8.520406428259816,2023-12-06 19:10:46.926613
unibot,,,,,,,12952.597183957161,70449.48247375248,379120.8889145881,unibot,unibot,https://assets.coingecko.com/coins/images/30462/large/logonoline_%281%29.png?1696529349,64.99,64.134862,462.0,64134862.0,3269326.0,68.08,63.31,1.39,2.18176,468802.0,0.73635,1000000.0,1000000.0,1000000.0,236.98,-72.59349,2023-08-16T13:34:42.408Z,2.46,2535.56975,2023-05-22T09:19:33.417Z,,2023-12-06T19:09:35.261Z,,14.097276065781248,20.2303708346836,13.565769720883853,2023-12-06 19:10:46.926613
liquity,Interest paid to borrow,Interest paid by borrowers,Interest paid by borrowers,Interest paid by borrowers,,,10196.484643193846,76409.43354429628,428216.11317049054,liquity,lqty,https://assets.coingecko.com/coins/images/14665/large/200-lqty-icon.png?1696514340,1.51,142.70389,270.0,150971509.0,47881680.0,1.55,1.46,-0.006047279800484473,-0.39875,60766.0,0.0426,94523722.6203041,100000000.0,100000000.0,146.94,-98.97271,2021-04-05T21:48:37.754Z,0.54399,177.49158,2022-11-14T07:05:51.360Z,,2023-12-06T19:09:28.680Z,,27.771002696011678,41.50269683280849,38.34356401495763,2023-12-06 19:10:46.926613
synapse,Bridge fees paid by users,Bridge fees paid by users,Bridge fees that goes to the protocol,,,,9941.246369999999,62326.90485,262444.91485,synapse-2,syn,https://assets.coingecko.com/coins/images/18024/large/synapse_social_icon.png?1696517540,0.468321,89.037527,380.0,86597657.0,8916666.0,0.489469,0.463499,-0.0094987447255378,-1.98794,-2047134.8665063232,-2.24751,190117588.881215,184907850.0,250000000.0,4.92,-90.46434,2021-10-24T00:24:41.805Z,0.268266,74.72156,2023-10-09T17:35:08.081Z,,2023-12-06T19:09:30.077Z,,28.271814376389955,31.7457078267077,24.5380127458793,2023-12-06 19:10:46.926613
stakewise,Percentage of rewards paid to protocol,Staking rewards,Percentage of user rewards paid to protocol,Fee from users rewards,,Revenue earned by stETH holders,8768.074546134594,108485.98044082952,590294.037198186,stakewise,swise,https://assets.coingecko.com/coins/images/15044/large/stakewise200.png?1696514703,0.085748,28.319403,715.0,85746069.0,16805.16,0.08809,0.085124,-0.001552133755516952,-1.77794,-479707.9840401113,-1.6657,330270573.265308,1000000000.0,1000000000.0,0.358418,-76.07574,2021-10-27T08:31:17.182Z,0.02679452,220.02345,2021-07-20T11:35:35.975Z,,2023-12-06T19:09:32.320Z,,3.997923240426817,5.800934499641738,8.84885331109057,2023-12-06 19:10:46.926613
solend,Interest paid by borrowers,Interest and fees paid by borrowers and the liquidated,Percentage of interest going to treasury,Percentage of interest going to treasury,,Interest paid to lenders,7472.16,51488.55,160480.15,solend,slnd,https://assets.coingecko.com/coins/images/19573/large/i6AMOwun_400x400.jpg?1696519005,1.27,45.606761,555.0,126233456.0,126504.0,1.56,1.26,-0.053440238560722886,-4.04879,-1842543.298399426,-3.88318,36128901.746695,100000000.0,100000000.0,16.65,-92.40199,2021-11-07T18:55:10.412Z,0.272877,363.60352,2023-01-02T06:14:37.552Z,,2023-12-06T19:09:37.006Z,,23.682451796478674,19.68366904443372,16.72207636573445,2023-12-06 19:10:46.926613
cronos,Gas fees paid by users,Gas fees paid by users,Burned coins,,,,6283.384346894682,37896.73828319651,186322.52846468362,crypto-com-chain,cro,https://assets.coingecko.com/coins/images/7310/large/cro_token_logo.png?1696507599,0.098368,2603.876627,31.0,2957798444.0,25250632.0,0.099105,0.094614,0.00207874,2.15884,62304330.0,2.45141,26410284634.9424,30000000000.0,,0.965407,-89.77043,2021-11-24T15:53:54.855Z,0.0121196,714.85393,2019-02-08T00:00:00.000Z,,2023-12-06T19:09:30.825Z,,1164.5919616091717,1526.884045060454,1135.3608458869694,2023-12-06 19:10:46.926613
fantom,Gas fees paid by users,Gas fees paid by users,Burned coins,,,,2392.3163485009504,20304.562357008428,478837.04686580907,fantom,ftm,https://assets.coingecko.com/coins/images/4001/large/Fantom_round.png?1696504642,0.338666,948.908263,67.0,1074599194.0,123390259.0,0.34586,0.328019,0.00825316,2.49783,26955703.0,2.92376,2803634835.52659,3175000000.0,3175000000.0,3.46,-90.2125,2021-10-28T05:19:39.845Z,0.00190227,17694.94433,2020-03-13T02:25:38.280Z,"{'times': 10.288862194844427, 'currency': 'usd', 'percentage': 1028.8862194844426}",2023-12-06T19:09:26.943Z,,165.14112494201763,1038.5276923543463,1086.7077288429907,2023-12-06 19:10:46.926613
gnosis,Gas fees paid by users,Gas fees paid by users,Burned coins,,,,1757.2348267437528,5314.945227257208,28916.37113546981,gnosis,gno,https://assets.coingecko.com/coins/images/662/large/logo_square_simple_300px.png?1696501854,192.86,499.798717,114.0,579009314.0,3632283.0,201.46,192.74,-8.599466364861229,-4.26857,-22473123.176915288,-4.30296,2589589.0,3000000.0,3000000.0,644.2,-70.08311,2021-11-08T17:33:29.302Z,6.88,2699.57213,2020-03-13T02:24:11.825Z,,2023-12-06T19:09:28.212Z,,1440.3568445088931,2089.6994570322536,779.2422120167415,2023-12-06 19:10:46.926613
litecoin,Gas fees paid by users,Gas fees paid by users,Burned coins,,,,1001.6133695407743,6235.112871686135,25674.763682806682,litecoin,ltc,https://assets.coingecko.com/coins/images/2/large/litecoin.png?1696501400,73.8,5460.158144,19.0,6202109322.0,609830454.0,74.49,72.4,0.407763,0.55561,51095413.0,0.94463,73951176.9834713,84000000.0,84000000.0,410.26,-82.00614,2021-05-10T03:13:07.904Z,1.15,6325.73509,2015-01-14T00:00:00.000Z,,2023-12-06T19:09:26.773Z,,17722.195393423233,19460.248778404526,14935.241317396316,2023-12-06 19:10:46.926613
pendle,Pays management + performance fees,Yield,Management + performance fees,Gets management + performance fees,,Generated yield excluding protocol fees,744.3376819663938,7089.91823286623,34832.81876278638,pendle,pendle,https://assets.coingecko.com/coins/images/15069/large/Pendle_Logo_Normal-03.png?1696514728,1.25,121.279881,299.0,323301390.0,26516435.0,1.39,1.23,-0.07310419147174231,-5.51694,-7046436.181968093,-5.49103,96950723.3581583,258446028.244635,258446028.244635,2.45,-48.94389,2021-05-05T22:24:39.415Z,0.03377729,3604.97399,2022-11-14T20:15:58.336Z,,2023-12-06T19:09:34.006Z,,290.1475421448648,380.1325174912658,446.4017537007408,2023-12-06 19:10:46.926613
smardex,"
A minor fee is collected on each swap, functioning as trading fees.
The fees are set at 0.07% on Ethereum and 0.1% on other chains.
On other networks, fees may vary between different pairs and chains.
Refer to https://docs.smardex.io/overview/what-is-smardex/fees for detailed information.
","
A minor fee is collected on each swap, functioning as trading fees.
The fees are set at 0.07% on Ethereum and 0.1% on other chains.
On other networks, fees may vary between different pairs and chains.
Refer to https://docs.smardex.io/overview/what-is-smardex/fees for detailed information.
","0.02% of each swap on Ethereum is collected for staking pool (SDEX holders that staked). On other chains, fees are collected for liquidity providers and fees may vary between different pairs and chains. Refer to https://docs.smardex.io/overview/what-is-smardex/fees for detailed information.",Protocol has no revenue.,0.02% of each swap on Ethereum is collected for staking pool (SDEX holders that staked). On other chains staking is not available and fees are collected for buybacks SDEX and burns.,"0.05% of each swap on Ethereum is collected for liquidity providers. On other chains, fees collected for liquidity providers and fees may vary between different pairs and chains. Refer to https://docs.smardex.io/overview/what-is-smardex/fees for detailed information.",601.3050366453815,4648.061932266574,27259.157514087616,smardex,sdex,https://assets.coingecko.com/coins/images/29470/large/SDEX_logo_transparent_outside_240x240.png?1696930070,0.01281014,90.769021,374.0,127880320.0,2528287.0,0.01347649,0.0124497,-0.000352730581562934,-2.67974,-2470348.9596348405,-2.64947,7096783500.74863,9998333473.91131,10000000000.0,0.01544531,-17.08586,2023-11-20T18:35:03.812Z,0.00169891,653.79972,2023-03-20T13:36:34.848Z,,2023-12-06T19:09:36.422Z,,277.487852639033,433.96352822948404,413.5708736158955,2023-12-06 19:10:46.926613
aurora,Gas fees paid by users,Gas fees paid by users,Burned coins,,,,475.4236852512568,1229.4393844002927,3644.6391754565125,aurora-near,aurora,https://assets.coingecko.com/coins/images/20582/large/aurora.jpeg?1696519989,0.424903,165.587131,242.0,426303691.0,32987974.0,0.519867,0.348652,-0.0698838030269402,-14.12402,-25472825.31916222,-13.33237,388425280.0,1000000000.0,1000000000.0,35.4,-98.79837,2022-01-16T22:13:43.382Z,0.04736812,797.99628,2023-10-19T15:59:56.174Z,,2023-12-06T19:09:28.655Z,,3786.088805788281,2993.0015817877406,954.2296412156728,2023-12-06 19:10:46.926613
waves,Gas fees paid by users,Gas fees paid by users,Burned coins,,,,180.559205,1514.8229327959,7375.4141237631175,waves,waves,https://assets.coingecko.com/coins/images/425/large/waves.png?1696501700,2.3,228.672519,196.0,228672519.0,139.76,2.31,2.2,0.04868136,2.16636,2971675.0,1.31664,100000000.0,100000000.0,,61.3,-96.26471,2022-03-31T14:34:44.545Z,0.130878,1649.5832,2016-08-02T00:00:00.000Z,"{'times': 11.211878962167473, 'currency': 'usd', 'percentage': 1121.1878962167473}",2023-12-06T19:09:35.438Z,,2583.7251888816163,3354.591103234906,3469.776309963231,2023-12-06 19:10:46.926613
looksrare,Fees paid by users,Fees paid by users,Marketplace revenue,Marketplace revenue,,,0.0,0.0,1147.613799191441,looksrare,looks,https://assets.coingecko.com/coins/images/22173/large/circle-black-256.png?1696521517,0.106168,57.787202,488.0,106061422.0,5193853.0,0.111668,0.102985,-0.005500149385385137,-4.92543,-2769358.9937110394,-4.57318,544846570.0,1000000000.0,1000000000.0,7.1,-98.50547,2022-01-20T19:30:02.255Z,0.0420877,152.19284,2023-08-17T21:49:56.818Z,,2023-12-06T19:09:30.738Z,,4196.185310824539,inf,inf,2023-12-06 19:10:46.926613
fraxether,Percentage of rewards paid to protocol,Staking rewards,Percentage of user rewards paid to protocol,Fee from users rewards,,Revenue earned by stETH holders,0.0,365945.01440000004,1514886.8457,frax-ether,frxeth,https://assets.coingecko.com/coins/images/28284/large/frxETH_icon.png?1696527284,2284.94,683.942097,86.0,683942097.0,4553053.0,2289.8,2245.57,6.8,0.29853,3165820.0,0.46503,299137.516528122,299137.516528122,,2294.25,-0.41721,2023-12-05T18:30:33.809Z,1137.25,100.8954,2022-11-23T02:25:33.267Z,,2023-12-06T19:09:24.899Z,,37.62338745747285,41.53277861043232,inf,2023-12-06 19:10:46.926613
name,UserFees_info,Fees_info,Revenue_info,ProtocolRevenue_info,HoldersRevenue_info,SupplySideRevenue_info,total24h,total7d,total30d,id,symbol,image,current_price,market_cap,market_cap_rank,fully_diluted_valuation,total_volume,high_24h,low_24h,price_change_24h,price_change_percentage_24h,market_cap_change_24h,market_cap_change_percentage_24h,circulating_supply,total_supply,max_supply,ath,ath_change_percentage,ath_date,atl,atl_change_percentage,atl_date,roi,last_updated,pe30d,pe7d,pe24h,date
ethereum,Gas fees paid by users,Gas fees paid by users,Burned coins,,,,12857877.750281855,73018376.90926525,258944915.8542819,ethereum,eth,https://assets.coingecko.com/coins/images/279/large/ethereum.png?1696501628,2265.98,272916.589013,2,272916589013.0,23685292508.0,2310.04,2246.38,-15.939863530950333,-0.69853,-588447988.9844971,-0.21515,120226648.323642,120226648.323642,,4878.26,-53.4852,2021-11-10T14:24:19.604Z,0.432979,523970.21014,2015-10-20T00:00:00.000Z,"{'times': 67.94353589776192, 'currency': 'btc', 'percentage': 6794.353589776192}",2023-12-06T19:29:50.919Z,87.82967995098633,83.05872228184543,58.15241805444966,2023-12-06 19:30:46.983880
bitcoin,Gas fees paid by users,Gas fees paid by users,Burned coins,,,,6382363.29202011,26407868.259296924,155330131.94647253,bitcoin,btc,https://assets.coingecko.com/coins/images/1/large/bitcoin.png?1696501400,43943.0,860285.149237,1,923486828776.0,34809528843.0,44368.0,43464.0,7.21,0.01641,4873068367.0,0.56967,19562800.0,21000000.0,21000000.0,69045.0,-36.30694,2021-11-10T14:24:11.849Z,67.81,64753.81437,2013-07-06T00:00:00.000Z,,2023-12-06T19:29:49.868Z,461.53587977243325,723.9299883318639,369.2904190043274,2023-12-06 19:30:46.983880
tron,Gas fees paid by users,Gas fees paid by users,Burned coins,,,,1467681.612237927,9176507.814115258,41401488.7402855,tron,trx,https://assets.coingecko.com/coins/images/1094/large/tron-logo.png?1696502193,0.105356,9327.053066,12,9327063852.0,454297503.0,0.105627,0.102484,0.00163356,1.57493,157823784.0,1.72123,88491949435.8294,88492051772.1585,,0.231673,-54.47673,2018-01-05T00:00:00.000Z,0.00180434,5745.06914,2017-11-12T00:00:00.000Z,"{'times': 54.45045120422989, 'currency': 'usd', 'percentage': 5445.045120422989}",2023-12-06T19:29:42.184Z,18.7735863085127,22.586789017091313,17.410840219542866,2023-12-06 19:30:46.983880
dydx,Fees paid by users,Fees paid by users,Treasury and token holders revenue,Fees going to treasury,Fees going to governance token holders,LPs revenue,419696.362622,1686291.253822,3987962.747793,dydx,ethdydx,https://assets.coingecko.com/coins/images/17500/large/hjnIm9bV.jpg?1696517040,3.0,539.598028,106,2993390107.0,227405252.0,3.12,2.87,-0.11335840567568578,-3.64304,-22539265.40131402,-4.00957,180263182.87829316,1000000000.0,1000000000.0,27.86,-89.24617,2021-09-30T01:23:43.570Z,1.011,196.46326,2022-06-18T20:55:50.603Z,,2023-12-06T19:29:43.425Z,11.275557264976582,7.1109111558937315,3.5224292924723626,2023-12-06 19:30:46.983880
arbitrum,Fees paid by users to sequencer,Fees collected by sequencer paid by users,ETH earned from user fees minus cost to send transactions in L1,ETH earned from user fees minus cost to send transactions in L1,,,344287.4299639399,1311758.512530706,6142328.700376131,arbitrum,arb,https://assets.coingecko.com/coins/images/16547/large/photo_2023-03-29_21.47.00.jpeg?1696516109,1.079,1376.222696,53,10793903497.0,356337979.0,1.11,1.061,-0.010895975678778315,-1.00015,-5008453.850576162,-0.36261,1275000000.0,10000000000.0,10000000000.0,8.67,-87.56618,2023-03-23T13:10:03.106Z,0.744925,44.76854,2023-09-11T19:40:49.196Z,,2023-12-06T19:29:48.501Z,18.671293944207807,23.314296256234048,10.951527158923405,2023-12-06 19:30:46.983880
vertexprotocol,Fees paid by users,Fees paid by users,Treasury and token holders revenue,Fees going to treasury,Fees going to governance token holders,LPs revenue,313397.6377730891,933637.4094529841,2846583.8084922777,vertex-protocol,vrtx,https://assets.coingecko.com/coins/images/27927/large/vrtx.png?1696526947,0.38011,56.486965,493,385146253.0,4911120.0,0.449936,0.385507,-0.03425045478640487,-8.26587,-4223141.068679921,-6.95624,146663674.5388,1000000000.0,1000000000.0,0.520089,-26.21672,2023-11-28T10:04:12.565Z,0.228784,67.7296,2023-11-22T00:20:01.558Z,,2023-12-06T19:29:20.903Z,1.6536478108566823,1.3444897089378052,0.49380974700016367,2023-12-06 19:30:46.983880
raydium,User pays 0.25% fees on each swap,A 0.25% of each swap is collected as trading fees,A 0.03% of the trade goes to buying RAY and distributing it to stakers,Raydium's AMM earns from the spread it places on the order book and all earnings from market making go back to Raydium liquidity providers,A 0.03% of the trade goes to buying RAY and distributing it to stakers,A 0.22% of the trades goes back to the LP pool as fees earned,264299.6499015571,1695409.971646514,7640906.04233276,raydium,ray,https://assets.coingecko.com/coins/images/13928/large/PSigc4ie_400x400.jpg?1696513668,0.429653,104.965863,336,238339343.0,12211137.0,0.455856,0.419906,0.00385037,0.90426,1251217.0,1.2064,244424832.336197,555000000.0,555000000.0,16.83,-97.44917,2021-09-12T20:20:23.998Z,0.134391,219.49802,2022-12-29T22:15:53.927Z,,2023-12-06T19:29:35.018Z,1.144779846989128,1.375817514549611,1.0880744902856598,2023-12-06 19:30:46.983880
crvusd,Interest paid to borrow,Interest paid by borrowers,Interest paid by borrowers,Interest paid by borrowers,,,259213.99836560123,691925.033408178,1227621.517705901,crvusd,crvusd,https://assets.coingecko.com/coins/images/30118/large/crvusd.jpeg?1696529040,0.993796,146.992574,263,146992574.0,21957523.0,0.998214,0.989792,-0.000805934999088542,-0.08103,-4353192.920098692,-2.87632,147837799.479251,147837799.479251,,1.029,-3.3395,2023-10-23T22:45:35.122Z,0.949016,4.7902,2023-08-08T06:24:06.210Z,,2023-12-06T19:29:34.519Z,9.978141462979169,4.720889528096436,1.5536174101751763,2023-12-06 19:30:46.983880
optimism,Fees paid by users to sequencer,Fees collected by sequencer paid by users,ETH earned from user fees minus cost to send transactions in L1,ETH earned from user fees minus cost to send transactions in L1,,,251188.89158614835,994413.6113388808,3613426.539220048,optimism,op,https://assets.coingecko.com/coins/images/25244/large/Optimism.png?1696524385,1.76,1603.425582,44,7557004952.0,188742294.0,1.84,1.74,-0.06107668543087752,-3.35501,-55571895.45657611,-3.34973,911294948.0,4294967296.0,4294967296.0,3.22,-45.38238,2023-02-24T20:20:00.509Z,0.402159,337.74429,2022-06-18T20:54:52.178Z,,2023-12-06T19:29:50.776Z,36.97841842077171,35.83185024189826,17.48861891248636,2023-12-06 19:30:46.983880
solana,Gas fees paid by users,Gas fees paid by users,Burned coins,,,,121314.32883496075,874102.8200664329,3392653.887889838,solana,sol,https://assets.coingecko.com/coins/images/4128/large/solana.png?1696504756,63.49,26982.85744,6,35780062271.0,2894138921.0,66.06,60.39,1.99,3.23152,962340789.0,3.69839,425472336.081494,564188826.698269,,259.96,-75.60425,2021-11-06T21:54:35.825Z,0.500801,12563.5121,2020-05-11T19:35:23.449Z,,2023-12-06T19:29:44.171Z,662.7765541777383,685.9822900201265,609.3726728891871,2023-12-06 19:30:46.983880
bananagun,,,,,,,88461.72375854226,549168.0111058588,1802492.0897158585,banana-gun,banana,https://assets.coingecko.com/coins/images/31744/large/bgg.jpeg?1696530563,17.15,41.242403,590,171843348.0,2206491.0,17.74,16.51,-0.022373479728944545,-0.13031,145126.0,0.35313,2400000.0,10000000.0,,18.23,-6.47837,2023-12-02T16:40:40.566Z,5.13,232.34109,2023-10-12T18:30:07.775Z,,2023-12-06T19:29:44.128Z,1.9067306515661038,1.668884250193113,1.2773081976101077,2023-12-06 19:30:46.983880
compound,Interest paid by borrowers,Interest paid by borrowers,Percentage of interest going to treasury,Percentage of interest going to treasury,,Interest paid to lenders,87344.61623457665,583907.1578193065,2755594.652010028,compound-governance-token,comp,https://assets.coingecko.com/coins/images/10775/large/COMP.png?1696510737,51.83,354.409433,148,516926779.0,108558796.0,53.08,50.56,-0.3296303596313166,-0.63202,-2141878.897045374,-0.60072,6856085.76329154,10000000.0,10000000.0,910.54,-94.31435,2021-05-12T02:29:08.794Z,25.74,101.12504,2023-06-10T16:15:05.289Z,,2023-12-06T19:29:45.355Z,10.717875139989635,13.48804355677205,11.116709761910052,2023-12-06 19:30:46.983880
kwenta,Fees paid by users,Fees paid by users,Treasury and token holders revenue,Fees going to treasury,Fees going to governance token holders,LPs revenue,76960.5213925267,434004.5372980756,2360266.8898783107,kwenta,kwenta,https://assets.coingecko.com/coins/images/27409/large/kwenta.png?1696526450,173.78,91.987356,371,137974426.0,154286.0,183.22,172.63,-7.3584224987622235,-4.06237,-4333094.346647412,-4.49862,528748.351640709,793084.544060185,,790.99,-78.04749,2023-03-14T13:16:00.736Z,53.82,222.60707,2023-09-15T11:06:19.417Z,,2023-12-06T19:29:26.848Z,3.2477738144245283,4.710004829425848,3.2746679578645645,2023-12-06 19:30:46.983880
gainsnetwork,Fees paid by users,Fees paid by users,Treasury and token holders revenue,Fees going to treasury,Fees going to governance token holders,LPs revenue,75392.5106407307,282548.1110494905,1576361.9654860334,gains-network,gns,https://assets.coingecko.com/coins/images/19737/large/logo.png?1696519161,3.86,130.790214,283,130790214.0,7995944.0,4.01,3.84,-0.0688715556917785,-1.75116,-1455385.7509268671,-1.10052,33815915.0,33815915.0,33815915.0,12.48,-69.03097,2023-02-17T07:55:07.998Z,0.265841,1353.7489,2021-11-29T05:56:42.899Z,,2023-12-06T19:29:36.961Z,6.914138211041839,10.28656390306185,4.752850785566897,2023-12-06 19:30:46.983880
polygon,Gas fees paid by users,Gas fees paid by users,Burned coins,,,,67105.24866477316,533632.7176660616,3343265.4453242095,matic-network,matic,https://assets.coingecko.com/coins/images/4713/large/polygon.png?1698233745,0.836691,7770.691489,16,8371124983.0,710914721.0,0.845987,0.804015,0.02508464,3.09074,260445829.0,3.46787,9282732613.610691,10000000000.0,10000000000.0,2.92,-71.29234,2021-12-27T02:08:34.307Z,0.00314376,26530.24267,2019-05-10T00:00:00.000Z,"{'times': 317.1335746507315, 'currency': 'usd', 'percentage': 31713.35746507315}",2023-12-06T19:29:41.951Z,193.69016151229866,323.59716219077563,317.2563420432359,2023-12-06 19:30:46.983880
muxprotocol,Fees paid by users,Fees paid by users,Treasury and token holders revenue,Fees going to treasury,Fees going to governance token holders,LPs revenue,44372.83953780481,399381.1450383149,1999491.7928642556,mcdex,mcb,https://assets.coingecko.com/coins/images/11796/large/mux.jpg?1696511672,10.94,41.470865,587,52375237.0,124972.0,11.08,10.72,0.065076,0.59866,66731.0,0.16117,3803143.0,4803143.54867189,4803143.0,68.36,-84.0698,2021-10-17T04:14:51.092Z,0.911402,1094.77113,2020-10-30T03:59:02.101Z,,2023-12-06T19:29:40.015Z,1.7283918988815206,2.3075069747956327,2.560548511266155,2023-12-06 19:30:46.983880
avalanche,Gas fees paid by users,Gas fees paid by users,Burned coins,,,,38476.04589805203,187703.3814445142,2628908.913673779,avalanche-2,avax,https://assets.coingecko.com/coins/images/12559/large/Avalanche_Circle_RedWhite_Trans.png?1696512369,27.2,9950.97832,11,11802524946.0,1613306593.0,27.52,23.45,3.41,14.33984,1272523701.0,14.66302,365636475.908054,433669282.462696,720000000.0,144.96,-81.21303,2021-11-21T14:18:56.538Z,2.8,872.26683,2020-12-31T13:15:21.540Z,,2023-12-06T19:29:49.548Z,315.4343572042963,1178.097324905802,708.5695441160219,2023-12-06 19:30:46.983880
hegic,IDK,IDK,IDK,IDK,IDK,IDK,30540.14,214031.81,556238.19,hegic,hegic,https://assets.coingecko.com/coins/images/12454/large/new.png?1696512274,0.03577228,38.539123,614,38539123.0,1695282.0,0.03591997,0.03263472,0.00293294,8.93116,3186772.0,9.01431,1077684725.0,1077684725.0,1077684725.0,0.642093,-94.43716,2021-02-13T16:55:14.277Z,0.0048443,637.33285,2022-05-12T22:50:04.705Z,,2023-12-06T19:29:42.740Z,5.7737739714228065,4.001390987421709,3.4573069526257703,2023-12-06 19:30:46.983880
convexfinance,No user fees,"Includes all treasury revenue, all revenue to CVX lockers and stakers and all revenue to liquid derivatives (cvxCRV, cvxFXS)",Sum of protocol revenue and holders' revenue,"Share of revenue going to Convex treasury (includes caller incentives on Frax pools, POL yield and Votemarket bribes)","All revenue going to CVX lockers and stakers, including bribes","All CRV, CVX and FXS rewards redistributed to liquidity providers staking on Convex.",29947.662383369516,498554.70121896476,4558337.6706625875,convex-finance,cvx,https://assets.coingecko.com/coins/images/15585/large/convex.png?1696515221,3.97,325.249104,155,393527402.0,8255001.0,3.99,3.85,0.03991554,1.01604,3367899.0,1.04632,81990703.72425415,99202697.8733724,100000000.0,60.09,-93.39903,2022-01-01T18:04:03.030Z,1.9,108.44064,2021-07-20T13:17:29.183Z,,2023-12-06T19:29:47.476Z,5.946047431817447,14.497421945866362,29.755024756499154,2023-12-06 19:30:46.983880
stride,Percentage of rewards paid to protocol,Fees are staking rewards earned by tokens staked with Stride. They are measured across Stride's LSD tokens' yields and converted to USD terms.,Stride collects 10% of liquid staked assets's staking rewards. These fees are measured across Stride's LSD tokens' yields and converted to USD terms.,Fee from users rewards,,Revenue earned by stETH holders,23350.86889191097,151698.76230542955,720129.1493789915,stride,strd,https://assets.coingecko.com/coins/images/27275/large/Stride_Token.png?1696526327,2.23,196.835517,214,196835517.0,190025.0,2.31,2.05,0.168237,8.17043,15405062.0,8.49089,88316135.734039,88316135.734039,100000000.0,50.0,-95.54365,2022-12-26T20:29:01.294Z,0.178275,1149.874,2023-01-04T00:19:07.141Z,,2023-12-06T19:29:15.609Z,22.77780279293681,28.83426689529057,23.094446358178455,2023-12-06 19:30:46.983880
maverickprotocol,LPs collect 100% of the fee generated in a pool,Fees generated on each swap at a rate set by the pool.,Percentage of swap fees going to treasury and/or token holders,Percentage of swap fees going to treasury,Money going to governance token holders,Liquidity providers revenue,23221.11474551061,105035.01819757072,513764.71895207313,maverick-protocol,mav,https://assets.coingecko.com/coins/images/30850/large/MAV_Logo.png?1696529701,0.355197,88.613055,384,708904441.0,25495723.0,0.376351,0.341987,-0.002614706144661527,-0.73075,-504058.6325278729,-0.56561,250000000.0,2000000000.0,2000000000.0,0.58501,-39.25917,2023-06-28T14:24:36.141Z,0.190512,86.51854,2023-08-29T10:39:52.488Z,,2023-12-06T19:29:34.128Z,14.373157551694126,18.747833187365924,10.454945673855786,2023-12-06 19:30:46.983880
thorchain,Swap fees paid by users,Swap fees paid by users,Percentage of swap fees going to treasury and/or token holders,Percentage of swap fees going to treasury,Money going to governance token holders,Liquidity providers revenue,21315.56297033,115329.90998359998,941597.7325068099,thorchain,rune,https://assets.coingecko.com/coins/images/6595/large/Rune200x200.png?1696506946,6.49,1953.074029,39,3247539716.0,519902384.0,6.87,6.42,-0.06602324360640832,-1.00637,-14894304.555991173,-0.75684,300700561.0,500000000.0,500000000.0,20.87,-68.8336,2021-05-19T00:30:09.436Z,0.00851264,76300.17135,2019-09-28T00:00:00.000Z,"{'times': 169.90777302521113, 'currency': 'usd', 'percentage': 16990.777302521114}",2023-12-06T19:29:47.522Z,172.85106310741486,376.3260120038301,251.03196937059792,2023-12-06 19:30:46.983880
paraswap,Swap fees paid by users,Swap fees paid by users,Percentage of swap fees going to treasury and/or token holders,Percentage of swap fees going to treasury,Money going to governance token holders,Liquidity providers revenue,20704.2897,94606.9239,260139.0645,paraswap,psp,https://assets.coingecko.com/coins/images/20403/large/ep7GqM19_400x400.jpg?1696519812,0.03684207,27.882678,721,73731413.0,719277.0,0.03891174,0.0345909,0.00168473,4.79198,1326793.0,4.99623,756331047.9257165,2000000000.0,2000000000.0,2.1,-98.24562,2021-11-15T13:01:54.681Z,0.01798528,104.83031,2022-08-29T14:30:16.203Z,,2023-12-06T19:29:41.980Z,8.931978380355865,6.549362785768228,3.6896169700589625,2023-12-06 19:30:46.983880
dodo,Swap fees paid by users,Swap fees paid by users,Percentage of swap fees going to treasury and/or token holders,Percentage of swap fees going to treasury,Money going to governance token holders,Liquidity providers revenue,20328.51182213415,52992.192615782755,194797.8752103586,dodo,dodo,https://assets.coingecko.com/coins/images/12651/large/dodo_logo.png?1696512458,0.163085,100.354808,345,162625145.0,83360311.0,0.171174,0.149228,0.00056378,0.3469,1555352.0,1.57425,614617713.35,995989104.366833,1000000000.0,8.38,-98.04385,2021-02-20T09:19:28.624Z,0.080974,102.36897,2023-06-10T14:15:17.108Z,,2023-12-06T19:29:38.050Z,42.93116984790376,42.0836869425978,13.525076594770145,2023-12-06 19:30:46.983880
fulcrom,"Fees from open/close position (0.07% to 0.1%), swap (0.2% to 0.8%) and borrow fee ((assets borrowed)/(total assets in pool)*0.01%)","Fees from open/close position (0.07% to 0.1%), swap (0.2% to 0.8%), mint and burn (based on tokens balance in the pool) and borrow fee ((assets borrowed)/(total assets in pool)*0.01%)","Revenue is 20% of all collected fees, which goes to FUL stakers",Treasury has 20% revenue,20% of all collected fees goes to FUL stakers,60% of all collected fees goes to FLP holders,19243.825544924657,76957.39162969732,320441.96718769916,fulcrom,ful,https://assets.coingecko.com/coins/images/29684/large/FUL_Token_%281%29.png?1696528618,0.01363331,23.582512,774,273676334.0,166065.0,0.01527451,0.01334324,-0.000909987711087967,-6.25709,-1379314.1213449799,-5.52569,1723387030.39516,20000000000.0,20000000000.0,0.04004179,-65.878,2023-04-05T02:48:03.311Z,0.00622521,119.47955,2023-07-20T07:41:06.195Z,,2023-12-06T19:29:39.129Z,6.1328088532867175,6.809687947115826,3.357420891546602,2023-12-06 19:30:46.983880
alchemix,Fees paid by users,Fees paid by users,Fees paid by users,Percentage of fees going to treasury,,LPs revenue,19134.725426948084,46216.82949124103,88320.48398690658,alchemix,alcx,https://assets.coingecko.com/coins/images/14113/large/Alchemix.png?1696513834,18.91,38.466162,615,52773978.0,2595509.0,19.45,18.84,-0.33373416372628384,-1.73437,-597660.1587012261,-1.52996,2030212.302453451,2785367.02951032,2785367.02951032,2066.2,-99.08516,2021-03-20T19:33:19.740Z,10.29,83.63742,2023-09-11T14:51:02.684Z,,2023-12-06T19:29:35.228Z,36.294111572975694,18.49550497967416,5.507617321597921,2023-12-06 19:30:46.983880
paalai,,,,,,,16315.538894465484,120973.15632636506,513050.5628961717,paal-ai,paal,https://assets.coingecko.com/coins/images/30815/large/PaalX.jpg?1696529671,0.163596,106.331125,329,163348751.0,3740440.0,0.163344,0.143656,0.00511373,3.22668,3285920.0,3.18881,650945444.22553,1000000000.0,1000000000.0,0.218783,-25.78469,2023-11-20T15:00:23.005Z,4.587e-05,353865.24614,2023-07-24T15:18:13.699Z,,2023-12-06T19:29:30.852Z,17.271060055588627,19.532547224891346,17.855257651572373,2023-12-06 19:30:46.983880
perpetualprotocol,Fees paid by users,Fees paid by users,Treasury and token holders revenue,Fees going to treasury,Fees going to governance token holders,LPs revenue,16111.815831081161,63035.471418095374,296864.4079025614,perpetual-protocol,perp,https://assets.coingecko.com/coins/images/12381/large/60d18e06844a844ad75901a9_mark_only_03.png?1696512205,0.692204,50.066672,527,103429485.0,12639277.0,0.718937,0.665584,-0.01658741932648822,-2.34024,-1178177.9261959493,-2.29911,72609864.24405634,150000000.0,150000000.0,24.4,-97.17402,2021-08-30T15:06:09.177Z,0.31639,117.94891,2022-11-09T22:15:25.656Z,,2023-12-06T19:29:34.047Z,14.054304105179554,17.65026398758276,8.513563326546361,2023-12-06 19:30:46.983880
pangolin,User pays 0.3% fees on each swap,A 0.3% of each swap is collected as trading fees,Governance revenue is 0.05% trading fees,A 0.0075% fees goes to Pangolin DAOâ€™s treasury,A 0.0425% trading fees goes to PNG staking Pool,A 0.25% from each swap is distributed to liquidity providers,14848.06160452506,45213.0725535742,283607.26461511746,pangolin,png,https://assets.coingecko.com/coins/images/14023/large/PNG_token.png?1696513750,0.090867,17.792299,904,48830676.0,3680496.0,0.113533,0.086218,-0.011955016080284,-11.62694,-2197634.3904275186,-10.99371,196029573.0,538000000.0,538000000.0,18.85,-99.5187,2021-02-19T15:34:15.118Z,0.01180712,668.37857,2023-10-24T20:55:07.206Z,,2023-12-06T19:29:28.270Z,5.227974626621394,8.744913802390236,3.2829891170897705,2023-12-06 19:30:46.983880
unibot,,,,,,,12952.597183957161,70449.48247375248,379120.8889145881,unibot,unibot,https://assets.coingecko.com/coins/images/30462/large/logonoline_%281%29.png?1696529349,64.7,64.610135,460,64610135.0,15433807.0,68.08,63.31,0.779156,1.21898,655245.0,1.02454,1000000.0,1000000.0,1000000.0,236.98,-72.69002,2023-08-16T13:34:42.408Z,2.46,2526.28684,2023-05-22T09:19:33.417Z,,2023-12-06T19:29:29.606Z,14.201744282889317,20.380288504073967,13.66629919692067,2023-12-06 19:30:46.983880
liquity,Interest paid to borrow,Interest paid by borrowers,Interest paid by borrowers,Interest paid by borrowers,,,10196.484643193846,76409.43354429628,428216.11317049054,liquity,lqty,https://assets.coingecko.com/coins/images/14665/large/200-lqty-icon.png?1696514340,1.51,142.693321,270,150960327.0,47585809.0,1.55,1.46,-0.007749506367389359,-0.51116,-523748.1462715566,-0.3657,94523722.6203041,100000000.0,100000000.0,146.94,-98.97343,2021-04-05T21:48:37.754Z,0.54399,177.29788,2022-11-14T07:05:51.360Z,,2023-12-06T19:29:33.862Z,27.76894590745816,41.499623041317406,38.34072419658916,2023-12-06 19:30:46.983880
synapse,Bridge fees paid by users,Bridge fees paid by users,Bridge fees that goes to the protocol,,,,9941.246369999999,62326.90485,262444.91485,synapse-2,syn,https://assets.coingecko.com/coins/images/18024/large/synapse_social_icon.png?1696517540,0.470279,89.094329,382,86652902.0,9087343.0,0.489469,0.463499,-0.008755520892053725,-1.82774,-1682834.2769271582,-1.85381,190117588.881215,184907850.0,250000000.0,4.92,-90.46582,2021-10-24T00:24:41.805Z,0.268266,74.69438,2023-10-09T17:35:08.081Z,,2023-12-06T19:29:35.647Z,28.289850542199094,31.76596018272802,24.553666911565994,2023-12-06 19:30:46.983880
wigoswap,Swap fees paid by users,Swap fees paid by users,Percentage of swap fees going to treasury and/or token holders,Percentage of swap fees going to treasury,Money going to governance token holders,Liquidity providers revenue,9557.9958041116,109200.01765746053,332590.9578589062,wigoswap,wigo,https://assets.coingecko.com/coins/images/23603/large/wigo.png?1696522810,0.00982164,15.401253,968,16383437.0,334195.0,0.01061078,0.0092302,0.00013266,1.36914,219807.0,1.44787,1567914623.6083,1667905171.95808,2000000000.0,0.0285438,-65.53643,2022-03-01T04:58:50.988Z,0.00018249,5290.62074,2022-09-14T07:58:57.260Z,,2023-12-06T19:29:24.464Z,3.8589075249137346,3.134157612869985,4.414650786985997,2023-12-06 19:30:46.983880
stakewise,Percentage of rewards paid to protocol,Staking rewards,Percentage of user rewards paid to protocol,Fee from users rewards,,Revenue earned by stETH holders,8768.074546134594,108485.98044082952,590294.037198186,stakewise,swise,https://assets.coingecko.com/coins/images/15044/large/stakewise200.png?1696514703,0.085715,28.314047,718,85729850.0,16798.9,0.08809,0.085124,-0.00151418482553041,-1.73586,-418691.13917245343,-1.45719,330270573.265308,1000000000.0,1000000000.0,0.358418,-76.08123,2021-10-27T08:31:17.182Z,0.02679452,219.95002,2021-07-20T11:35:35.975Z,,2023-12-06T19:29:41.119Z,3.997167120077962,5.799837378873335,8.847179742677627,2023-12-06 19:30:46.983880
solend,Interest paid by borrowers,Interest and fees paid by borrowers and the liquidated,Percentage of interest going to treasury,Percentage of interest going to treasury,,Interest paid to lenders,7472.16,51488.55,160480.15,solend,slnd,https://assets.coingecko.com/coins/images/19573/large/i6AMOwun_400x400.jpg?1696519005,1.27,45.798256,552,126763488.0,126394.0,1.56,1.26,-0.0724247605127677,-5.3809,-2518234.625634685,-5.21196,36128901.746695,100000000.0,100000000.0,16.65,-92.35867,2021-11-07T18:55:10.412Z,0.272877,366.24685,2023-01-02T06:14:37.552Z,,2023-12-06T19:29:21.563Z,23.781890366710982,19.76631740886512,16.792289508335305,2023-12-06 19:30:46.983880
cronos,Gas fees paid by users,Gas fees paid by users,Burned coins,,,,6283.384346894682,37896.73828319651,186322.52846468362,crypto-com-chain,cro,https://assets.coingecko.com/coins/images/7310/large/cro_token_logo.png?1696507599,0.098166,2587.30354,31,2938970897.0,25890845.0,0.099105,0.094614,0.00136841,1.41368,46065681.0,1.81273,26410301058.9415,30000000000.0,,0.965407,-89.83163,2021-11-24T15:53:54.855Z,0.0121196,709.97883,2019-02-08T00:00:00.000Z,,2023-12-06T19:29:44.873Z,1157.1795966379916,1517.1657727524246,1128.1345303694952,2023-12-06 19:30:46.983880
airswap,Swap fees paid by users,Swap fees paid by users,Percentage of swap fees going to treasury and/or token holders,Percentage of swap fees going to treasury,Money going to governance token holders,Liquidity providers revenue,2668.3703316555207,15096.564782652229,55551.58124396583,airswap,ast,https://assets.coingecko.com/coins/images/1019/large/Airswap.png?1696502130,0.118881,21.432577,816,59501178.0,2929962.0,0.12377,0.116145,-0.003787968871385467,-3.08795,-439583.1705493443,-2.00978,180102120.9388,500000000.0,500000000.0,1.85,-93.58309,2018-01-09T00:00:00.000Z,0.00718622,1555.97877,2020-03-13T02:29:28.208Z,,2023-12-06T19:29:34.444Z,32.15116551749531,31.54886530452222,22.005712004999314,2023-12-06 19:30:46.983880
fantom,Gas fees paid by users,Gas fees paid by users,Burned coins,,,,2392.3163485009504,20304.562357008428,478837.04686580907,fantom,ftm,https://assets.coingecko.com/coins/images/4001/large/Fantom_round.png?1696504642,0.338228,950.899557,66,1076854252.0,122703594.0,0.34586,0.328019,0.00651031,1.9626,22605873.0,2.43521,2803634835.52659,3175000000.0,3175000000.0,3.46,-90.19571,2021-10-28T05:19:39.845Z,0.00190227,17725.47182,2020-03-13T02:25:38.280Z,"{'times': 10.274270878231846, 'currency': 'usd', 'percentage': 1027.4270878231846}",2023-12-06T19:29:49.146Z,165.48767533479284,1040.7070536722474,1088.9881964757178,2023-12-06 19:30:46.983880
gnosis,Gas fees paid by users,Gas fees paid by users,Burned coins,,,,1757.2348267437528,5314.945227257208,28916.37113546981,gnosis,gno,https://assets.coingecko.com/coins/images/662/large/logo_square_simple_300px.png?1696501854,192.87,498.520444,114,577528454.0,3020693.0,201.2,192.34,-8.219588558236637,-4.0876,-21244221.292268753,-4.08728,2589589.0,3000000.0,3000000.0,644.2,-70.13299,2021-11-08T17:33:29.302Z,6.88,2694.90457,2020-03-13T02:24:11.825Z,,2023-12-06T19:29:47.244Z,1436.673022998201,2084.3548927042925,777.2492411542707,2023-12-06 19:30:46.983880
litecoin,Gas fees paid by users,Gas fees paid by users,Burned coins,,,,1001.6133695407743,6235.112871686135,25674.763682806682,litecoin,ltc,https://assets.coingecko.com/coins/images/2/large/litecoin.png?1696501400,73.76,5464.350181,19,6206867844.0,604013244.0,74.49,72.4,0.331903,0.452,49205136.0,0.90866,73951214.4834713,84000000.0,84000000.0,410.26,-81.99862,2021-05-10T03:13:07.904Z,1.15,6328.42108,2015-01-14T00:00:00.000Z,,2023-12-06T19:29:43.140Z,17735.801610835104,19475.189386488913,14946.707850517752,2023-12-06 19:30:46.983880
pendle,Pays management + performance fees,Yield,Management + performance fees,Gets management + performance fees,,Generated yield excluding protocol fees,744.3376819663938,7089.91823286623,34832.81876278638,pendle,pendle,https://assets.coingecko.com/coins/images/15069/large/Pendle_Logo_Normal-03.png?1696514728,1.25,121.422652,299,323681980.0,27143261.0,1.39,1.23,-0.08401110971382898,-6.29053,-7108713.087866813,-5.53072,96950723.3581583,258446028.244635,258446028.244635,2.45,-48.91099,2021-05-05T22:24:39.415Z,0.03377729,3607.36126,2022-11-14T20:15:58.336Z,,2023-12-06T19:29:32.269Z,290.4891046068165,380.5800105066551,446.927259038082,2023-12-06 19:30:46.983880
smardex,"
A minor fee is collected on each swap, functioning as trading fees.
The fees are set at 0.07% on Ethereum and 0.1% on other chains.
On other networks, fees may vary between different pairs and chains.
Refer to https://docs.smardex.io/overview/what-is-smardex/fees for detailed information.
","
A minor fee is collected on each swap, functioning as trading fees.
The fees are set at 0.07% on Ethereum and 0.1% on other chains.
On other networks, fees may vary between different pairs and chains.
Refer to https://docs.smardex.io/overview/what-is-smardex/fees for detailed information.
","0.02% of each swap on Ethereum is collected for staking pool (SDEX holders that staked). On other chains, fees are collected for liquidity providers and fees may vary between different pairs and chains. Refer to https://docs.smardex.io/overview/what-is-smardex/fees for detailed information.",Protocol has no revenue.,0.02% of each swap on Ethereum is collected for staking pool (SDEX holders that staked). On other chains staking is not available and fees are collected for buybacks SDEX and burns.,"0.05% of each swap on Ethereum is collected for liquidity providers. On other chains, fees collected for liquidity providers and fees may vary between different pairs and chains. Refer to https://docs.smardex.io/overview/what-is-smardex/fees for detailed information.",601.3050366453815,4648.061932266574,27259.157514087616,smardex,sdex,https://assets.coingecko.com/coins/images/29470/large/SDEX_logo_transparent_outside_240x240.png?1696930070,0.01278624,90.617318,377,127666592.0,2581817.0,0.01347649,0.0124497,-0.000328388920442497,-2.50399,-2358286.1291650534,-2.53646,7096783500.74863,9998333473.91131,10000000000.0,0.01544531,-17.22653,2023-11-20T18:35:03.812Z,0.00169891,652.52081,2023-03-20T13:36:34.848Z,,2023-12-06T19:29:36.216Z,277.0240849433464,433.2382414697756,412.8796692650173,2023-12-06 19:30:46.983880
aurora,Gas fees paid by users,Gas fees paid by users,Burned coins,,,,475.4236852512568,1229.4393844002927,3644.6391754565125,aurora-near,aurora,https://assets.coingecko.com/coins/images/20582/large/aurora.jpeg?1696519989,0.42457,164.193148,245,422714887.0,32873200.0,0.519867,0.348652,-0.09114240127284501,-17.67312,-31090103.329261214,-15.92052,388425280.0,1000000000.0,1000000000.0,35.4,-98.80488,2022-01-16T22:13:43.382Z,0.04736812,793.13005,2023-10-19T15:59:56.174Z,,2023-12-06T19:29:34.651Z,3754.215897550266,2967.8052196140084,946.1965296452407,2023-12-06 19:30:46.983880
waves,Gas fees paid by users,Gas fees paid by users,Burned coins,,,,180.559205,1514.8229327959,7375.4141237631175,waves,waves,https://assets.coingecko.com/coins/images/425/large/waves.png?1696501700,2.36,228.776684,195,228776684.0,158.74,2.36,2.2,0.117547,5.23439,3909001.0,1.73836,100000000.0,100000000.0,,61.3,-96.25708,2022-03-31T14:34:44.545Z,0.130878,1653.15768,2016-08-02T00:00:00.000Z,"{'times': 11.57023307949334, 'currency': 'usd', 'percentage': 1157.0233079493341}",2023-12-06T19:29:41.784Z,2584.9021284433825,3356.1191879553458,3471.356863896462,2023-12-06 19:30:46.983880
hopr,,"Protocol has no supply-side fees, only user fees which are Sum of all ticket values redeemed in wxHOPR internally in the channels contract and also to the HOPR safe address",Sum of number of all tickets redeemed multiplied by ticket price in wxHOPR internally in the channels contract and also to the HOPR safe address,,,,17.082941724000513,232.97513343150632,749.4058313175036,hopr,hopr,https://assets.coingecko.com/coins/images/14061/large/Shared_HOPR_logo_512px.png?1696513786,0.04234693,16.944686,922,17865014.0,361847.0,0.0425444,0.04081683,0.00129988,3.16681,481916.0,2.92731,402518666.689848,424380926.429848,1000000000.0,0.951533,-95.55289,2021-03-30T00:00:00.000Z,0.03361032,25.90084,2023-11-21T19:05:47.498Z,,2023-12-06T19:29:33.393Z,1884.235627289128,1616.2608096047359,2717.5528670832678,2023-12-06 19:30:46.983880
looksrare,Fees paid by users,Fees paid by users,Marketplace revenue,Marketplace revenue,,,0.0,0.0,1147.613799191441,looksrare,looks,https://assets.coingecko.com/coins/images/22173/large/circle-black-256.png?1696521517,0.105943,57.729349,488,105955241.0,5213575.0,0.110849,0.102985,-0.004905350160430603,-4.42527,-2767703.77552215,-4.57494,544846570.0,1000000000.0,1000000000.0,7.1,-98.50815,2022-01-20T19:30:02.255Z,0.0420877,151.74063,2023-08-17T21:49:56.818Z,,2023-12-06T19:29:35.807Z,4191.984347628792,inf,inf,2023-12-06 19:30:46.983880
fraxether,Percentage of rewards paid to protocol,Staking rewards,Percentage of user rewards paid to protocol,Fee from users rewards,,Revenue earned by stETH holders,0.0,365945.01440000004,1514886.8457,frax-ether,frxeth,https://assets.coingecko.com/coins/images/28284/large/frxETH_icon.png?1696527284,2265.21,683.900582,86,683900582.0,1578244.0,2289.8,2245.57,-5.174795499123775,-0.22793,8437203.0,1.2491,299137.516528122,299137.516528122,,2294.25,-1.20486,2023-12-05T18:30:33.809Z,1137.25,99.30642,2022-11-23T02:25:33.267Z,,2023-12-06T19:29:42.672Z,37.62110373354776,41.53025758809493,inf,2023-12-06 19:30:46.983880
gearbox,,,,,,,0.0,0.0013217346829549998,9254.334461043838,gearbox,gear,https://assets.coingecko.com/coins/images/21630/large/gear.png?1696520990,0.01090654,18.030957,899,108607033.0,995433.0,0.01218856,0.01066631,-0.000396386920933852,-3.50694,-865632.0104510747,-4.58089,1660201607.0,10000000000.0,10000000000.0,0.03056878,-64.47968,2022-12-21T12:16:29.257Z,0.003746,189.85907,2023-09-27T01:20:41.950Z,,2023-12-06T19:29:34.710Z,162.36497138990558,303153074.89511895,inf,2023-12-06 19:30:46.983880
name,UserFees_info,Fees_info,Revenue_info,ProtocolRevenue_info,HoldersRevenue_info,SupplySideRevenue_info,total24h,total7d,total30d,id,symbol,image,current_price,market_cap,market_cap_rank,fully_diluted_valuation,total_volume,high_24h,low_24h,price_change_24h,price_change_percentage_24h,market_cap_change_24h,market_cap_change_percentage_24h,circulating_supply,total_supply,max_supply,ath,ath_change_percentage,ath_date,atl,atl_change_percentage,atl_date,roi,last_updated,status,pe30d,pe7d,pe24h,date
ethereum,Gas fees paid by users,Gas fees paid by users,Burned coins,,,,12857877.750281855,73018376.90926525,258944915.8542819,ethereum,eth,https://assets.coingecko.com/coins/images/279/large/ethereum.png?1696501628,2266.36,272630.878915,2.0,272630878915.0,23359869820.0,2310.04,2246.38,-5.6080454967891455,-0.24684,-1749753987.707428,-0.63771,120226648.323642,120226648.323642,,4878.26,-53.4852,2021-11-10T14:24:19.604Z,0.432979,523970.21014,2015-10-20T00:00:00.000Z,"{'times': 67.89302491544153, 'currency': 'btc', 'percentage': 6789.302491544153}",2023-12-06T19:39:58.385Z,,87.73773307975782,82.97177001643452,58.09153962591089,2023-12-06 19:40:47.162396
bitcoin,Gas fees paid by users,Gas fees paid by users,Burned coins,,,,6382363.29202011,26407868.259296924,155330131.94647253,bitcoin,btc,https://assets.coingecko.com/coins/images/1/large/bitcoin.png?1696501400,43970.0,859875.063638,1.0,923046049637.0,34773788084.0,44368.0,43464.0,234.38,0.53589,409405808.0,0.04763,19562812.0,21000000.0,21000000.0,69045.0,-36.30694,2021-11-10T14:24:11.849Z,67.81,64753.81437,2013-07-06T00:00:00.000Z,,2023-12-06T19:40:05.425Z,,461.31587223436946,723.5849012835027,369.1143835551317,2023-12-06 19:40:47.162396
tron,Gas fees paid by users,Gas fees paid by users,Burned coins,,,,1467681.612237927,9176507.814115258,41401488.7402855,tron,trx,https://assets.coingecko.com/coins/images/1094/large/tron-logo.png?1696502193,0.105426,9327.78518,12.0,9327807359.0,459809741.0,0.105627,0.102484,0.00187602,1.8117,152968023.0,1.66726,88491841359.5721,88492051772.1585,,0.231673,-54.47673,2018-01-05T00:00:00.000Z,0.00180434,5745.06914,2017-11-12T00:00:00.000Z,"{'times': 54.48744238274279, 'currency': 'usd', 'percentage': 5448.744238274279}",2023-12-06T19:40:00.697Z,,18.775059914942236,22.5885619355402,17.41220685912198,2023-12-06 19:40:47.162396
dydx,Fees paid by users,Fees paid by users,Treasury and token holders revenue,Fees going to treasury,Fees going to governance token holders,LPs revenue,419696.362622,1686291.253822,3987962.747793,dydx,ethdydx,https://assets.coingecko.com/coins/images/17500/large/hjnIm9bV.jpg?1696517040,3.0,540.811585,106.0,3000122248.0,227745103.0,3.12,2.87,-0.08777374594484355,-2.84454,-19934757.62470889,-3.55504,180263182.87829316,1000000000.0,1000000000.0,27.86,-89.24617,2021-09-30T01:23:43.570Z,1.011,196.46326,2022-06-18T20:55:50.603Z,,2023-12-06T19:39:58.800Z,,11.300916014893684,7.126903608723105,3.5303512427076678,2023-12-06 19:40:47.162396
arbitrum,Fees paid by users to sequencer,Fees collected by sequencer paid by users,ETH earned from user fees minus cost to send transactions in L1,ETH earned from user fees minus cost to send transactions in L1,,,344287.4299639399,1311758.512530706,6142328.700376131,arbitrum,arb,https://assets.coingecko.com/coins/images/16547/large/photo_2023-03-29_21.47.00.jpeg?1696516109,1.079,1375.403119,53.0,10787475440.0,355768944.0,1.11,1.061,-0.003820392785495175,-0.35291,-13621004.848484755,-0.98062,1275000000.0,10000000000.0,10000000000.0,8.67,-87.56618,2023-03-23T13:10:03.106Z,0.744925,44.76854,2023-09-11T19:40:49.196Z,,2023-12-06T19:40:04.671Z,,18.660174695032957,23.300411976430834,10.945005234964139,2023-12-06 19:40:47.162396
vertexprotocol,Fees paid by users,Fees paid by users,Treasury and token holders revenue,Fees going to treasury,Fees going to governance token holders,LPs revenue,313397.6377730891,933637.4094529841,2846583.8084922777,vertex-protocol,vrtx,https://assets.coingecko.com/coins/images/27927/large/vrtx.png?1696526947,0.376002,55.800129,495.0,380463189.0,4921653.0,0.449936,0.376921,-0.04162252606607669,-9.96649,-5186801.958932541,-8.50478,146663674.5388,1000000000.0,1000000000.0,0.520089,-26.21672,2023-11-28T10:04:12.565Z,0.228784,67.7296,2023-11-22T00:20:01.558Z,,2023-12-06T19:39:29.674Z,,1.6335407853187098,1.3281417969243343,0.48780541818924944,2023-12-06 19:40:47.162396
raydium,User pays 0.25% fees on each swap,A 0.25% of each swap is collected as trading fees,A 0.03% of the trade goes to buying RAY and distributing it to stakers,Raydium's AMM earns from the spread it places on the order book and all earnings from market making go back to Raydium liquidity providers,A 0.03% of the trade goes to buying RAY and distributing it to stakers,A 0.22% of the trades goes back to the LP pool as fees earned,264299.6499015571,1695409.971646514,7640906.04233276,raydium,ray,https://assets.coingecko.com/coins/images/13928/large/PSigc4ie_400x400.jpg?1696513668,0.431482,105.114325,335.0,238676446.0,12279658.0,0.455856,0.419906,0.00711748,1.67721,1098971.0,1.05655,244424832.305039,555000000.0,555000000.0,16.83,-97.44917,2021-09-12T20:20:23.998Z,0.134391,219.49802,2022-12-29T22:15:53.927Z,,2023-12-06T19:39:38.220Z,,1.146399004882811,1.3777634483418675,1.089613445050189,2023-12-06 19:40:47.162396
crvusd,Interest paid to borrow,Interest paid by borrowers,Interest paid by borrowers,Interest paid by borrowers,,,259213.99836560123,691925.033408178,1227621.517705901,crvusd,crvusd,https://assets.coingecko.com/coins/images/30118/large/crvusd.jpeg?1696529040,0.994085,146.920643,264.0,146920643.0,21858243.0,0.998214,0.989792,0.00429333,0.43376,-4679506.98396489,-3.08674,147837799.479251,147837799.479251,,1.029,-3.3395,2023-10-23T22:45:35.122Z,0.949016,4.7902,2023-08-08T06:24:06.210Z,,2023-12-06T19:39:34.558Z,,9.973258646969882,4.718579354899214,1.5528571455516633,2023-12-06 19:40:47.162396
optimism,Fees paid by users to sequencer,Fees collected by sequencer paid by users,ETH earned from user fees minus cost to send transactions in L1,ETH earned from user fees minus cost to send transactions in L1,,,251188.89158614835,994413.6113388808,3613426.539220048,optimism,op,https://assets.coingecko.com/coins/images/25244/large/Optimism.png?1696524385,1.76,1605.146925,44.0,7565117707.0,189229535.0,1.84,1.74,-0.04750174309796251,-2.62365,-52833334.067708015,-3.18661,911294948.0,4294967296.0,4294967296.0,3.22,-45.38238,2023-02-24T20:20:00.509Z,0.402159,337.74429,2022-06-18T20:54:52.178Z,,2023-12-06T19:40:04.528Z,,37.01811626669249,35.87031719994318,17.507393660801853,2023-12-06 19:40:47.162396
solana,Gas fees paid by users,Gas fees paid by users,Burned coins,,,,121314.32883496075,874102.8200664329,3392653.887889838,solana,sol,https://assets.coingecko.com/coins/images/4128/large/solana.png?1696504756,63.56,27039.000094,6.0,35854509753.0,2898474748.0,66.06,60.39,2.16,3.51331,968921769.0,3.7166,425472328.111571,564188826.698269,,259.96,-75.60425,2021-11-06T21:54:35.825Z,0.500801,12563.5121,2020-05-11T19:35:23.449Z,,2023-12-06T19:40:04.046Z,,664.1555791695596,687.4095986898759,610.640581568138,2023-12-06 19:40:47.162396
bananagun,,,,,,,88461.72375854226,549168.0111058588,1802492.0897158585,banana-gun,banana,https://assets.coingecko.com/coins/images/31744/large/bgg.jpeg?1696530563,17.15,41.242403,590.0,171843348.0,2206491.0,17.74,16.51,-0.022373479728944545,-0.13031,145126.0,0.35313,2400000.0,10000000.0,,18.23,-6.47837,2023-12-02T16:40:40.566Z,5.13,232.34109,2023-10-12T18:30:07.775Z,,2023-12-06T19:29:44.128Z,,1.9067306515661038,1.668884250193113,1.2773081976101077,2023-12-06 19:40:47.162396
compound,Interest paid by borrowers,Interest paid by borrowers,Percentage of interest going to treasury,Percentage of interest going to treasury,,Interest paid to lenders,87344.61623457665,583907.1578193065,2755594.652010028,compound-governance-token,comp,https://assets.coingecko.com/coins/images/10775/large/COMP.png?1696510737,51.8,355.300564,148.0,518226545.0,107695806.0,53.08,50.56,-0.1536988841878184,-0.29586,-2155869.602788329,-0.60311,6856085.76329154,10000000.0,10000000.0,910.54,-94.31435,2021-05-12T02:29:08.794Z,25.74,101.12504,2023-06-10T16:15:05.289Z,,2023-12-06T19:40:05.318Z,,10.744824283838676,13.521958042741135,11.144661739945695,2023-12-06 19:40:47.162396
kwenta,Fees paid by users,Fees paid by users,Treasury and token holders revenue,Fees going to treasury,Fees going to governance token holders,LPs revenue,76960.5213925267,434004.5372980756,2360266.8898783107,kwenta,kwenta,https://assets.coingecko.com/coins/images/27409/large/kwenta.png?1696526450,173.41,91.952859,370.0,137922683.0,148400.0,183.22,172.63,-7.098287384049939,-3.93247,-3611100.404488668,-3.77873,528748.351640709,793084.544060185,,790.99,-78.04749,2023-03-14T13:16:00.736Z,53.82,222.60707,2023-09-15T11:06:19.417Z,,2023-12-06T19:39:22.718Z,,3.2465558377574286,4.708238488445239,3.273439895384516,2023-12-06 19:40:47.162396
gainsnetwork,Fees paid by users,Fees paid by users,Treasury and token holders revenue,Fees going to treasury,Fees going to governance token holders,LPs revenue,75392.5106407307,282548.1110494905,1576361.9654860334,gains-network,gns,https://assets.coingecko.com/coins/images/19737/large/logo.png?1696519161,3.87,130.756506,283.0,130756506.0,8261534.0,4.01,3.84,-0.05471451492840674,-1.39475,-2031269.6018655598,-1.52971,33815915.0,33815915.0,33815915.0,12.48,-69.03097,2023-02-17T07:55:07.998Z,0.265841,1353.7489,2021-11-29T05:56:42.899Z,,2023-12-06T19:39:36.744Z,,6.912356259902759,10.283912791136578,4.751625853751434,2023-12-06 19:40:47.162396
polygon,Gas fees paid by users,Gas fees paid by users,Burned coins,,,,67105.24866477316,533632.7176660616,3343265.4453242095,matic-network,matic,https://assets.coingecko.com/coins/images/4713/large/polygon.png?1698233745,0.837403,7775.784733,16.0,8376611777.0,709070050.0,0.845987,0.804015,0.0281978,3.48463,247928146.0,3.29348,9282732613.610691,10000000000.0,10000000000.0,2.92,-71.29234,2021-12-27T02:08:34.307Z,0.00314376,26530.24267,2019-05-10T00:00:00.000Z,"{'times': 317.40433546786386, 'currency': 'usd', 'percentage': 31740.43354678639}",2023-12-06T19:40:06.584Z,,193.8171143393898,323.80926162968376,317.46428543705883,2023-12-06 19:40:47.162396
muxprotocol,Fees paid by users,Fees paid by users,Treasury and token holders revenue,Fees going to treasury,Fees going to governance token holders,LPs revenue,44372.83953780481,399381.1450383149,1999491.7928642556,mcdex,mcb,https://assets.coingecko.com/coins/images/11796/large/mux.jpg?1696511672,10.94,41.470865,587.0,52375237.0,124972.0,11.08,10.72,0.065076,0.59866,66731.0,0.16117,3803143.0,4803143.54867189,4803143.0,68.36,-84.0698,2021-10-17T04:14:51.092Z,0.911402,1094.77113,2020-10-30T03:59:02.101Z,,2023-12-06T19:29:40.015Z,,1.7283918988815206,2.3075069747956327,2.560548511266155,2023-12-06 19:40:47.162396
avalanche,Gas fees paid by users,Gas fees paid by users,Burned coins,,,,38476.04589805203,187703.3814445142,2628908.913673779,avalanche-2,avax,https://assets.coingecko.com/coins/images/12559/large/Avalanche_Circle_RedWhite_Trans.png?1696512369,27.16,9946.940573,11.0,11797736147.0,1610642984.0,27.52,23.45,3.53,14.94401,1258035935.0,14.47865,365636468.47753,433669282.462696,720000000.0,144.96,-81.21303,2021-11-21T14:18:56.538Z,2.8,872.26683,2020-12-31T13:15:21.540Z,,2023-12-06T19:40:02.222Z,,315.3063653537926,1177.6192956320585,708.2820322293469,2023-12-06 19:40:47.162396
hegic,IDK,IDK,IDK,IDK,IDK,IDK,30540.14,214031.81,556238.19,hegic,hegic,https://assets.coingecko.com/coins/images/12454/large/new.png?1696512274,0.03577228,38.539123,614.0,38539123.0,1695282.0,0.03591997,0.03263472,0.00293294,8.93116,3186772.0,9.01431,1077684725.0,1077684725.0,1077684725.0,0.642093,-94.43716,2021-02-13T16:55:14.277Z,0.0048443,637.33285,2022-05-12T22:50:04.705Z,,2023-12-06T19:29:42.740Z,,5.7737739714228065,4.001390987421709,3.4573069526257703,2023-12-06 19:40:47.162396
convexfinance,No user fees,"Includes all treasury revenue, all revenue to CVX lockers and stakers and all revenue to liquid derivatives (cvxCRV, cvxFXS)",Sum of protocol revenue and holders' revenue,"Share of revenue going to Convex treasury (includes caller incentives on Frax pools, POL yield and Votemarket bribes)","All revenue going to CVX lockers and stakers, including bribes","All CRV, CVX and FXS rewards redistributed to liquidity providers staking on Convex.",29947.662383369516,498554.70121896476,4558337.6706625875,convex-finance,cvx,https://assets.coingecko.com/coins/images/15585/large/convex.png?1696515221,3.97,325.430491,155.0,393746867.0,8254722.0,3.99,3.85,0.051879,1.32511,3323390.0,1.03177,81990703.72425415,99202720.8913549,100000000.0,60.09,-93.39903,2022-01-01T18:04:03.030Z,1.9,108.44064,2021-07-20T13:17:29.183Z,,2023-12-06T19:40:00.634Z,,5.949363461568954,14.505506960835366,29.77161872896251,2023-12-06 19:40:47.162396
stride,Percentage of rewards paid to protocol,Fees are staking rewards earned by tokens staked with Stride. They are measured across Stride's LSD tokens' yields and converted to USD terms.,Stride collects 10% of liquid staked assets's staking rewards. These fees are measured across Stride's LSD tokens' yields and converted to USD terms.,Fee from users rewards,,Revenue earned by stETH holders,23350.86889191097,151698.76230542955,720129.1493789915,stride,strd,https://assets.coingecko.com/coins/images/27275/large/Stride_Token.png?1696526327,2.22,196.84222,214.0,196842220.0,189413.0,2.31,2.05,0.17306,8.45596,15261642.0,8.40489,88316135.734039,88316135.734039,100000000.0,50.0,-95.54365,2022-12-26T20:29:01.294Z,0.178275,1149.874,2023-01-04T00:19:07.141Z,,2023-12-06T19:38:42.047Z,,22.778578463986673,28.835248812039865,23.095232812149256,2023-12-06 19:40:47.162396
maverickprotocol,LPs collect 100% of the fee generated in a pool,Fees generated on each swap at a rate set by the pool.,Percentage of swap fees going to treasury and/or token holders,Percentage of swap fees going to treasury,Money going to governance token holders,Liquidity providers revenue,23221.11474551061,105035.01819757072,513764.71895207313,maverick-protocol,mav,https://assets.coingecko.com/coins/images/30850/large/MAV_Logo.png?1696529701,0.355125,88.858844,383.0,710870754.0,28258364.0,0.376351,0.341987,-0.011085270129139069,-3.02702,-1187084.4983747452,-1.31831,250000000.0,2000000000.0,2000000000.0,0.58501,-39.25917,2023-06-28T14:24:36.141Z,0.190512,86.51854,2023-08-29T10:39:52.488Z,,2023-12-06T19:39:36.810Z,,14.413024860427285,18.799834680501323,10.483944907007507,2023-12-06 19:40:47.162396
thorchain,Swap fees paid by users,Swap fees paid by users,Percentage of swap fees going to treasury and/or token holders,Percentage of swap fees going to treasury,Money going to governance token holders,Liquidity providers revenue,21315.56297033,115329.90998359998,941597.7325068099,thorchain,rune,https://assets.coingecko.com/coins/images/6595/large/Rune200x200.png?1696506946,6.51,1955.395695,40.0,3251400144.0,661228929.0,6.87,6.42,0.02395455,0.36951,-5548230.79617691,-0.28294,300700561.0,500000000.0,500000000.0,20.87,-68.8336,2021-05-19T00:30:09.436Z,0.00851264,76300.17135,2019-09-28T00:00:00.000Z,"{'times': 170.22916794043783, 'currency': 'usd', 'percentage': 17022.916794043784}",2023-12-06T19:40:03.327Z,,173.05653531702987,376.77335977150904,251.3303771009486,2023-12-06 19:40:47.162396
paraswap,Swap fees paid by users,Swap fees paid by users,Percentage of swap fees going to treasury and/or token holders,Percentage of swap fees going to treasury,Money going to governance token holders,Liquidity providers revenue,20704.2897,94606.9239,260139.0645,paraswap,psp,https://assets.coingecko.com/coins/images/20403/large/ep7GqM19_400x400.jpg?1696519812,0.03684207,27.882678,721.0,73731413.0,719277.0,0.03891174,0.0345909,0.00168473,4.79198,1326793.0,4.99623,756331047.9257165,2000000000.0,2000000000.0,2.1,-98.24562,2021-11-15T13:01:54.681Z,0.01798528,104.83031,2022-08-29T14:30:16.203Z,,2023-12-06T19:29:41.980Z,,8.931978380355865,6.549362785768228,3.6896169700589625,2023-12-06 19:40:47.162396
dodo,Swap fees paid by users,Swap fees paid by users,Percentage of swap fees going to treasury and/or token holders,Percentage of swap fees going to treasury,Money going to governance token holders,Liquidity providers revenue,20328.51182213415,52992.192615782755,194797.8752103586,dodo,dodo,https://assets.coingecko.com/coins/images/12651/large/dodo_logo.png?1696512458,0.163033,100.288,345.0,162516884.0,82998879.0,0.171174,0.149228,-0.000811689942578936,-0.4954,367532.0,0.36782,614617713.35,995989104.366833,1000000000.0,8.38,-98.04385,2021-02-20T09:19:28.624Z,0.080974,102.36897,2023-06-10T14:15:17.108Z,,2023-12-06T19:39:34.015Z,,42.9025897962614,42.0556710755627,13.516072708108895,2023-12-06 19:40:47.162396
alchemix,Fees paid by users,Fees paid by users,Fees paid by users,Percentage of fees going to treasury,,LPs revenue,19134.725426948084,46216.82949124103,88320.48398690658,alchemix,alcx,https://assets.coingecko.com/coins/images/14113/large/Alchemix.png?1696513834,18.91,38.466162,615.0,52773978.0,2595509.0,19.45,18.84,-0.33373416372628384,-1.73437,-597660.1587012261,-1.52996,2030212.302453451,2785367.02951032,2785367.02951032,2066.2,-99.08516,2021-03-20T19:33:19.740Z,10.29,83.63742,2023-09-11T14:51:02.684Z,,2023-12-06T19:29:35.228Z,,36.294111572975694,18.49550497967416,5.507617321597921,2023-12-06 19:40:47.162396
paalai,,,,,,,16315.538894465484,120973.15632636506,513050.5628961717,paal-ai,paal,https://assets.coingecko.com/coins/images/30815/large/PaalX.jpg?1696529671,0.163268,106.529367,328.0,163653295.0,4354364.0,0.163596,0.143656,0.00465141,2.93248,3029267.0,2.92683,650945444.22553,1000000000.0,1000000000.0,0.218783,-25.78469,2023-11-20T15:00:23.005Z,4.587e-05,353865.24614,2023-07-24T15:18:13.699Z,,2023-12-06T19:39:37.319Z,,17.303259935798117,19.568963384571376,17.8885467001681,2023-12-06 19:40:47.162396
perpetualprotocol,Fees paid by users,Fees paid by users,Treasury and token holders revenue,Fees going to treasury,Fees going to governance token holders,LPs revenue,16111.815831081161,63035.471418095374,296864.4079025614,perpetual-protocol,perp,https://assets.coingecko.com/coins/images/12381/large/60d18e06844a844ad75901a9_mark_only_03.png?1696512205,0.692204,50.066672,527.0,103429485.0,12639277.0,0.718937,0.665584,-0.01658741932648822,-2.34024,-1178177.9261959493,-2.29911,72609864.24405634,150000000.0,150000000.0,24.4,-97.17402,2021-08-30T15:06:09.177Z,0.31639,117.94891,2022-11-09T22:15:25.656Z,,2023-12-06T19:29:34.047Z,,14.054304105179554,17.65026398758276,8.513563326546361,2023-12-06 19:40:47.162396
unibot,,,,,,,12952.597183957161,70449.48247375248,379120.8889145881,unibot,unibot,https://assets.coingecko.com/coins/images/30462/large/logonoline_%281%29.png?1696529349,64.65,64.696441,459.0,64696441.0,15492700.0,68.08,63.49,0.18282,0.2836,870226.0,1.36343,1000000.0,1000000.0,1000000.0,236.98,-72.69002,2023-08-16T13:34:42.408Z,2.46,2526.28684,2023-05-22T09:19:33.417Z,,2023-12-06T19:39:31.862Z,,14.22071492491133,20.407512424587868,13.684554593206245,2023-12-06 19:40:47.162396
liquity,Interest paid to borrow,Interest paid by borrowers,Interest paid by borrowers,Interest paid by borrowers,,,10196.484643193846,76409.43354429628,428216.11317049054,liquity,lqty,https://assets.coingecko.com/coins/images/14665/large/200-lqty-icon.png?1696514340,1.51,142.860658,270.0,151135822.0,46709494.0,1.55,1.46,-0.015442805395502468,-1.01158,-426128.30227965117,-0.2974,94524683.6974613,100000000.0,100000000.0,146.94,-98.97343,2021-04-05T21:48:37.754Z,0.54399,177.29788,2022-11-14T07:05:51.360Z,,2023-12-06T19:39:34.779Z,,27.801510655890333,41.54828980702303,38.38568650961069,2023-12-06 19:40:47.162396
synapse,Bridge fees paid by users,Bridge fees paid by users,Bridge fees that goes to the protocol,,,,9941.246369999999,62326.90485,262444.91485,synapse-2,syn,https://assets.coingecko.com/coins/images/18024/large/synapse_social_icon.png?1696517540,0.472025,89.574576,379.0,87119989.0,8595084.0,0.489469,0.463499,-0.007080581090535333,-1.47788,-1626229.0138823986,-1.78313,190117588.881215,184907850.0,250000000.0,4.92,-90.46582,2021-10-24T00:24:41.805Z,0.268266,74.69438,2023-10-09T17:35:08.081Z,,2023-12-06T19:39:34.784Z,,28.44234190731549,31.937188893366542,24.686019048964983,2023-12-06 19:40:47.162396
stakewise,Percentage of rewards paid to protocol,Staking rewards,Percentage of user rewards paid to protocol,Fee from users rewards,,Revenue earned by stETH holders,8768.074546134594,108485.98044082952,590294.037198186,stakewise,swise,https://assets.coingecko.com/coins/images/15044/large/stakewise200.png?1696514703,0.085715,28.314047,718.0,85729850.0,16798.9,0.08809,0.085124,-0.00151418482553041,-1.73586,-418691.13917245343,-1.45719,330270573.265308,1000000000.0,1000000000.0,0.358418,-76.08123,2021-10-27T08:31:17.182Z,0.02679452,219.95002,2021-07-20T11:35:35.975Z,,2023-12-06T19:29:41.119Z,,3.997167120077962,5.799837378873335,8.847179742677627,2023-12-06 19:40:47.162396
solend,Interest paid by borrowers,Interest and fees paid by borrowers and the liquidated,Percentage of interest going to treasury,Percentage of interest going to treasury,,Interest paid to lenders,7472.16,51488.55,160480.15,solend,slnd,https://assets.coingecko.com/coins/images/19573/large/i6AMOwun_400x400.jpg?1696519005,1.27,45.798256,552.0,126763488.0,126394.0,1.56,1.26,-0.0724247605127677,-5.3809,-2518234.625634685,-5.21196,36128901.746695,100000000.0,100000000.0,16.65,-92.35867,2021-11-07T18:55:10.412Z,0.272877,366.24685,2023-01-02T06:14:37.552Z,,2023-12-06T19:29:21.563Z,,23.781890366710982,19.76631740886512,16.792289508335305,2023-12-06 19:40:47.162396
cronos,Gas fees paid by users,Gas fees paid by users,Burned coins,,,,6283.384346894682,37896.73828319651,186322.52846468362,crypto-com-chain,cro,https://assets.coingecko.com/coins/images/7310/large/cro_token_logo.png?1696507599,0.098144,2593.202433,31.0,2945668420.0,25326006.0,0.099105,0.094614,0.00049126,0.50306,34113137.0,1.33302,26410329304.0595,30000000000.0,,0.965407,-89.83163,2021-11-24T15:53:54.855Z,0.0121196,709.97883,2019-02-08T00:00:00.000Z,,2023-12-06T19:40:08.282Z,,1159.8178949732348,1520.6248174367329,1130.7066077393793,2023-12-06 19:40:47.162396
fantom,Gas fees paid by users,Gas fees paid by users,Burned coins,,,,2392.3163485009504,20304.562357008428,478837.04686580907,fantom,ftm,https://assets.coingecko.com/coins/images/4001/large/Fantom_round.png?1696504642,0.338224,949.105991,66.0,1074823113.0,123346736.0,0.34586,0.328019,0.00752669,2.27601,19181457.0,2.06269,2803634835.52659,3175000000.0,3175000000.0,3.46,-90.19571,2021-10-28T05:19:39.845Z,0.00190227,17725.47182,2020-03-13T02:25:38.280Z,"{'times': 10.274137963482643, 'currency': 'usd', 'percentage': 1027.4137963482644}",2023-12-06T19:40:00.964Z,,165.1755360917839,1038.7440947312257,1086.9341706964208,2023-12-06 19:40:47.162396
gnosis,Gas fees paid by users,Gas fees paid by users,Burned coins,,,,1757.2348267437528,5314.945227257208,28916.37113546981,gnosis,gno,https://assets.coingecko.com/coins/images/662/large/logo_square_simple_300px.png?1696501854,192.59,498.187436,115.0,577142670.0,3611555.0,201.2,192.34,-7.741890028380311,-3.86452,-22622076.936610997,-4.34364,2589589.0,3000000.0,3000000.0,644.2,-70.13299,2021-11-08T17:33:29.302Z,6.88,2694.90457,2020-03-13T02:24:11.825Z,,2023-12-06T19:39:59.224Z,,1435.713335956675,2082.962558924477,776.7300443622164,2023-12-06 19:40:47.162396
litecoin,Gas fees paid by users,Gas fees paid by users,Burned coins,,,,1001.6133695407743,6235.112871686135,25674.763682806682,litecoin,ltc,https://assets.coingecko.com/coins/images/2/large/litecoin.png?1696501400,73.83,5458.460944,19.0,6200174686.0,606565005.0,74.49,72.4,0.802549,1.09895,29569388.0,0.54467,73951258.2334713,84000000.0,84000000.0,410.26,-81.99862,2021-05-10T03:13:07.904Z,1.15,6328.42108,2015-01-14T00:00:00.000Z,,2023-12-06T19:40:06.095Z,,17716.6867416171,19454.199881402707,14930.598944246054,2023-12-06 19:40:47.162396
pendle,Pays management + performance fees,Yield,Management + performance fees,Gets management + performance fees,,Generated yield excluding protocol fees,744.3376819663938,7089.91823286623,34832.81876278638,pendle,pendle,https://assets.coingecko.com/coins/images/15069/large/Pendle_Logo_Normal-03.png?1696514728,1.26,121.556279,300.0,324038195.0,26911903.0,1.39,1.23,-0.0829330656538767,-6.19751,-8503261.728348777,-6.53798,96950723.3581583,258446028.244635,258446028.244635,2.45,-48.91099,2021-05-05T22:24:39.415Z,0.03377729,3607.36126,2022-11-14T20:15:58.336Z,,2023-12-06T19:39:38.267Z,,290.80879114752304,380.99884310688503,447.4191075347158,2023-12-06 19:40:47.162396
smardex,"
A minor fee is collected on each swap, functioning as trading fees.
The fees are set at 0.07% on Ethereum and 0.1% on other chains.
On other networks, fees may vary between different pairs and chains.
Refer to https://docs.smardex.io/overview/what-is-smardex/fees for detailed information.
","
A minor fee is collected on each swap, functioning as trading fees.
The fees are set at 0.07% on Ethereum and 0.1% on other chains.
On other networks, fees may vary between different pairs and chains.
Refer to https://docs.smardex.io/overview/what-is-smardex/fees for detailed information.
","0.02% of each swap on Ethereum is collected for staking pool (SDEX holders that staked). On other chains, fees are collected for liquidity providers and fees may vary between different pairs and chains. Refer to https://docs.smardex.io/overview/what-is-smardex/fees for detailed information.",Protocol has no revenue.,0.02% of each swap on Ethereum is collected for staking pool (SDEX holders that staked). On other chains staking is not available and fees are collected for buybacks SDEX and burns.,"0.05% of each swap on Ethereum is collected for liquidity providers. On other chains, fees collected for liquidity providers and fees may vary between different pairs and chains. Refer to https://docs.smardex.io/overview/what-is-smardex/fees for detailed information.",601.3050366453815,4648.061932266574,27259.157514087616,smardex,sdex,https://assets.coingecko.com/coins/images/29470/large/SDEX_logo_transparent_outside_240x240.png?1696930070,0.01280045,90.77174,377.0,127884151.0,2589882.0,0.01347649,0.0124497,-0.000272275895092438,-2.08278,-2376770.3757975698,-2.55159,7096783500.74863,9998333473.91131,10000000000.0,0.01544531,-17.22653,2023-11-20T18:35:03.812Z,0.00169891,652.52081,2023-03-20T13:36:34.848Z,,2023-12-06T19:39:38.223Z,,277.4961648303844,433.97652767379066,413.58326219509325,2023-12-06 19:40:47.162396
aurora,Gas fees paid by users,Gas fees paid by users,Burned coins,,,,475.4236852512568,1229.4393844002927,3644.6391754565125,aurora-near,aurora,https://assets.coingecko.com/coins/images/20582/large/aurora.jpeg?1696519989,0.423553,164.916619,244.0,424569742.0,32619046.0,0.513602,0.348652,-0.09004910891682039,-17.53286,-35227864.4268755,-17.60122,388432341.0,1000000000.0,1000000000.0,35.4,-98.80488,2022-01-16T22:13:43.382Z,0.04736812,793.13005,2023-10-19T15:59:56.174Z,,2023-12-06T19:39:43.064Z,,3770.7577956909645,2980.8820199323713,950.3656789540717,2023-12-06 19:40:47.162396
waves,Gas fees paid by users,Gas fees paid by users,Burned coins,,,,180.559205,1514.8229327959,7375.4141237631175,waves,waves,https://assets.coingecko.com/coins/images/425/large/waves.png?1696501700,2.36,236.075307,192.0,236075307.0,158.44,2.38,2.2,0.125094,5.59637,11773644.0,5.24902,100000000.0,100000000.0,,61.3,-96.25708,2022-03-31T14:34:44.545Z,0.130878,1653.15768,2016-08-02T00:00:00.000Z,"{'times': 11.555081063323223, 'currency': 'usd', 'percentage': 1155.5081063323223}",2023-12-06T19:40:01.798Z,,2667.367814183481,3463.188878221301,3582.1029618163125,2023-12-06 19:40:47.162396
looksrare,Fees paid by users,Fees paid by users,Marketplace revenue,Marketplace revenue,,,0.0,0.0,1147.613799191441,looksrare,looks,https://assets.coingecko.com/coins/images/22173/large/circle-black-256.png?1696521517,0.106097,57.765878,489.0,106022285.0,5181213.0,0.110508,0.102985,-0.00419581164261057,-3.80425,-2536648.990701057,-4.20654,544846570.0,1000000000.0,1000000000.0,7.1,-98.50815,2022-01-20T19:30:02.255Z,0.0420877,151.74063,2023-08-17T21:49:56.818Z,,2023-12-06T19:39:34.721Z,,4194.636880506559,inf,inf,2023-12-06 19:40:47.162396
fraxether,Percentage of rewards paid to protocol,Staking rewards,Percentage of user rewards paid to protocol,Fee from users rewards,,Revenue earned by stETH holders,0.0,365945.01440000004,1514886.8457,frax-ether,frxeth,https://assets.coingecko.com/coins/images/28284/large/frxETH_icon.png?1696527284,2265.45,678.077905,87.0,678077905.0,1574328.0,2289.8,2245.57,-10.742016951815003,-0.47193,-1390867.479275465,-0.2047,299137.516528122,299147.716528122,,2294.25,-1.20486,2023-12-05T18:30:33.809Z,1137.25,99.30642,2022-11-23T02:25:33.267Z,,2023-12-06T19:39:41.370Z,,37.30080054739849,41.17667216643159,inf,2023-12-06 19:40:47.162396
